Accel_X,Accel_Y,Accel_Z,Gyro_X,Gyro_Y,Gyro_Z
0.076,-0.239,9.938,0.305,0.610,0.183
0.065,-0.232,9.940,0.244,0.549,0.183
0.033,-0.263,9.936,0.183,0.610,0.183
0.049,-0.277,9.940,0.183,0.610,0.183
0.092,-0.244,9.941,0.244,0.549,0.183
0.069,-0.244,9.938,0.244,0.610,0.183
0.034,-0.268,9.935,0.244,0.610,0.183
0.041,-0.256,9.936,0.183,0.549,0.183
0.082,-0.253,9.932,0.183,0.610,0.183
0.072,-0.265,9.934,0.183,0.549,0.183
0.051,-0.259,9.933,0.244,0.549,0.183
0.053,-0.230,9.943,0.244,0.549,0.183
0.068,-0.268,9.944,0.244,0.549,0.183
0.060,-0.261,9.936,0.244,0.549,0.183
0.058,-0.217,9.932,0.244,0.549,0.183
0.077,-0.245,9.937,0.183,0.610,0.183
0.062,-0.285,9.928,0.183,0.671,0.183
0.032,-0.271,9.928,0.244,0.610,0.183
0.041,-0.241,9.949,0.244,0.610,0.183
0.079,-0.238,9.939,0.244,0.610,0.183
0.074,-0.269,9.928,0.244,0.610,0.183
0.046,-0.259,9.947,0.305,0.610,0.183
0.031,-0.253,9.937,0.183,0.610,0.183
0.062,-0.266,9.937,0.183,0.610,0.183
0.071,-0.246,9.925,0.183,0.610,0.183
0.050,-0.259,9.943,0.183,0.610,0.183
0.048,-0.274,9.949,0.244,0.549,0.122
0.056,-0.244,9.936,0.244,0.549,0.183
0.045,-0.260,9.928,0.183,0.549,0.183
0.051,-0.291,9.943,0.244,0.549,0.183
0.076,-0.246,9.933,0.305,0.549,0.183
0.083,-0.219,9.928,0.244,0.610,0.183
0.042,-0.262,9.944,0.183,0.610,0.183
0.037,-0.297,9.946,0.183,0.610,0.183
0.065,-0.226,9.946,0.305,0.610,0.244
0.077,-0.240,9.930,0.244,0.610,0.183
0.047,-0.277,9.940,0.183,0.610,0.244
0.039,-0.260,9.933,0.244,0.549,0.183
0.062,-0.254,9.940,0.244,0.549,0.183
0.053,-0.268,9.947,0.244,0.549,0.183
0.047,-0.275,9.934,0.305,0.549,0.183
0.075,-0.254,9.931,0.305,0.549,0.183
0.093,-0.251,9.938,0.305,0.610,0.183
0.047,-0.246,9.936,0.305,0.549,0.183
0.011,-0.236,9.930,0.305,0.488,0.122
0.062,-0.252,9.946,0.244,0.488,0.183
0.095,-0.252,9.935,0.244,0.549,0.183
0.058,-0.277,9.943,0.244,0.549,0.183
0.032,-0.244,9.940,0.305,0.549,0.183
0.037,-0.250,9.940,0.244,0.549,0.244
0.074,-0.280,9.941,0.244,0.549,0.183
0.072,-0.251,9.933,0.244,0.549,0.183
0.053,-0.227,9.935,0.244,0.549,0.122
0.065,-0.263,9.944,0.244,0.610,0.122
0.045,-0.270,9.946,0.183,0.671,0.183
0.031,-0.268,9.940,0.244,0.549,0.183
0.073,-0.257,9.940,0.244,0.549,0.183
0.089,-0.247,9.944,0.244,0.610,0.122
0.056,-0.240,9.938,0.244,0.610,0.183
0.020,-0.253,9.931,0.183,0.610,0.183
0.038,-0.265,9.939,0.244,0.549,0.183
0.075,-0.247,9.947,0.244,0.610,0.183
0.062,-0.253,9.940,0.244,0.549,0.183
0.048,-0.260,9.941,0.183,0.610,0.183
0.045,-0.270,9.936,0.244,0.610,0.183
0.051,-0.255,9.938,0.244,0.610,0.244
0.042,-0.265,9.935,0.244,0.610,0.183
0.063,-0.256,9.935,0.244,0.610,0.183
0.077,-0.244,9.930,0.244,0.610,0.244
0.038,-0.250,9.938,0.244,0.610,0.244
0.034,-0.262,9.943,0.122,0.610,0.183
0.071,-0.271,9.942,0.122,0.610,0.183
0.078,-0.239,9.944,0.183,0.671,0.183
0.065,-0.245,9.946,0.061,0.671,0.244
0.037,-0.282,9.940,0.061,0.671,0.244
0.049,-0.262,9.946,0.122,0.671,0.244
0.069,-0.257,9.942,0.122,0.671,0.183
0.061,-0.278,9.941,0.061,0.610,0.183
0.078,-0.284,9.942,0.122,0.671,0.183
0.052,-0.236,9.933,0.122,0.671,0.183
0.012,-0.279,9.939,0.061,0.610,0.183
0.013,-0.302,9.944,0.122,0.610,0.122
0.038,-0.264,9.952,0.244,0.610,0.183
0.077,-0.229,9.937,0.183,0.610,0.183
0.090,-0.257,9.934,-0.061,0.793,0.183
0.092,-0.241,9.925,-0.244,0.854,0.183
0.067,-0.330,9.945,-0.183,0.671,0.183
-0.052,-0.347,9.940,0.061,0.671,0.122
-0.073,-0.243,9.940,0.244,0.610,0.183
0.022,-0.244,9.940,0.122,0.610,0.183
0.147,-0.299,9.939,0.061,0.549,0.122
0.181,-0.299,9.931,0.244,0.610,0.183
0.054,-0.259,9.941,0.305,0.610,0.183
-0.023,-0.263,9.943,0.244,0.610,0.183
-0.040,-0.293,9.944,0.244,0.610,0.183
-0.043,-0.299,9.940,0.244,0.610,0.183
0.053,-0.271,9.937,0.183,0.549,0.183
0.188,-0.279,9.930,0.183,0.549,0.183
0.146,-0.280,9.938,0.244,0.549,0.183
-0.008,-0.300,9.934,0.244,0.610,0.183
-0.050,-0.276,9.938,0.305,0.610,0.183
-0.022,-0.272,9.949,0.305,0.549,0.183
0.028,-0.271,9.941,0.244,0.610,0.122
0.116,-0.294,9.930,0.244,0.549,0.183
0.140,-0.268,9.936,0.305,0.488,0.183
0.051,-0.263,9.929,0.244,0.549,0.183
-0.013,-0.283,9.935,0.183,0.610,0.183
-0.028,-0.306,9.944,0.183,0.610,0.183
-0.007,-0.284,9.940,0.305,0.549,0.183
0.069,-0.268,9.932,0.244,0.610,0.183
0.139,-0.282,9.936,0.244,0.549,0.183
0.081,-0.266,9.938,0.244,0.610,0.183
0.019,-0.274,9.940,0.305,0.610,0.183
-0.007,-0.271,9.937,0.244,0.610,0.122
0.002,-0.305,9.939,0.244,0.549,0.183
0.014,-0.271,9.945,0.244,0.549,0.183
0.075,-0.275,9.945,0.305,0.549,0.183
0.118,-0.279,9.934,0.244,0.610,0.183
0.083,-0.274,9.938,0.244,0.610,0.244
0.019,-0.271,9.931,0.244,0.610,0.244
-0.038,-0.289,9.944,0.183,0.610,0.183
-0.017,-0.292,9.942,0.244,0.610,0.122
0.044,-0.265,9.936,0.305,0.488,0.183
0.086,-0.284,9.932,0.183,0.549,0.244
0.125,-0.275,9.939,0.183,0.610,0.183
0.077,-0.290,9.954,0.244,0.549,0.183
0.006,-0.291,9.941,0.244,0.549,0.183
-0.027,-0.289,9.928,0.244,0.549,0.183
-0.019,-0.281,9.941,0.244,0.549,0.183
0.047,-0.287,9.942,0.244,0.549,0.183
0.114,-0.289,9.943,0.305,0.549,0.183
0.101,-0.273,9.947,0.244,0.549,0.183
0.032,-0.269,9.944,0.244,0.549,0.183
0.005,-0.296,9.931,0.183,0.549,0.244
-0.004,-0.283,9.934,0.305,0.549,0.183
0.019,-0.282,9.937,0.244,0.549,0.183
0.062,-0.284,9.944,0.244,0.610,0.183
0.114,-0.292,9.938,0.244,0.549,0.183
0.096,-0.269,9.942,0.244,0.549,0.183
0.024,-0.269,9.936,0.244,0.610,0.244
-0.019,-0.290,9.943,0.244,0.610,0.244
0.001,-0.297,9.940,0.244,0.549,0.244
0.038,-0.281,9.937,0.244,0.549,0.183
0.086,-0.286,9.930,0.244,0.549,0.183
0.104,-0.291,9.927,0.244,0.549,0.183
0.070,-0.281,9.948,0.244,0.549,0.183
0.018,-0.281,9.940,0.244,0.549,0.183
-0.010,-0.287,9.938,0.244,0.549,0.183
-0.003,-0.283,9.931,0.244,0.610,0.183
0.048,-0.277,9.935,0.244,0.549,0.183
0.090,-0.283,9.945,0.244,0.549,0.122
0.081,-0.271,9.939,0.183,0.549,0.183
0.047,-0.283,9.942,0.183,0.549,0.183
0.035,-0.286,9.945,0.244,0.610,0.122
0.001,-0.282,9.935,0.183,0.549,0.122
0.015,-0.279,9.931,0.244,0.610,0.183
0.055,-0.286,9.938,0.244,0.549,0.244
0.083,-0.283,9.932,0.244,0.549,0.183
0.093,-0.266,9.929,0.244,0.549,0.183
0.047,-0.279,9.916,0.183,0.610,0.244
0.007,-0.287,9.938,0.183,0.549,0.183
0.006,-0.286,9.928,0.244,0.610,0.183
0.031,-0.278,9.940,0.244,0.610,0.183
0.054,-0.279,9.948,0.244,0.549,0.183
0.074,-0.293,9.931,0.244,0.549,0.183
0.074,-0.288,9.937,0.244,0.610,0.183
0.040,-0.279,9.941,0.244,0.610,0.183
0.012,-0.289,9.947,0.244,0.549,0.183
0.005,-0.281,9.940,0.244,0.610,0.183
0.031,-0.277,9.933,0.244,0.549,0.183
0.083,-0.281,9.949,0.305,0.549,0.183
0.065,-0.263,9.937,0.244,0.549,0.183
0.038,-0.281,9.946,0.183,0.610,0.183
0.019,-0.298,9.941,0.183,0.610,0.183
0.017,-0.271,9.943,0.244,0.549,0.183
0.022,-0.276,9.948,0.244,0.549,0.183
0.061,-0.300,9.940,0.244,0.549,0.122
0.084,-0.277,9.934,0.244,0.610,0.183
0.077,-0.289,9.940,0.244,0.549,0.244
0.022,-0.285,9.935,0.183,0.610,0.183
0.025,-0.312,9.957,0.305,0.610,0.183
0.038,-0.290,9.931,0.366,0.549,0.183
0.028,-0.244,9.937,0.305,0.549,0.183
0.053,-0.280,9.951,0.183,0.549,0.244
0.060,-0.275,9.943,0.183,0.549,0.183
0.063,-0.302,9.941,0.122,0.549,0.244
0.032,-0.285,9.938,0.244,0.549,0.183
0.034,-0.286,9.953,0.244,0.549,0.183
0.031,-0.274,9.934,0.244,0.549,0.183
0.060,-0.288,9.899,0.244,0.610,0.183
0.102,-0.312,9.957,0.427,0.610,0.244
0.064,-0.253,9.932,0.366,0.610,0.183
0.014,-0.277,9.950,0.244,0.610,0.122
-0.045,-0.266,9.929,0.122,0.549,0.122
-0.031,-0.307,9.944,0.122,0.488,0.183
0.040,-0.271,9.941,0.183,0.549,0.122
0.139,-0.298,9.943,0.183,0.549,0.122
0.153,-0.263,9.933,0.183,0.549,0.183
0.047,-0.281,9.951,0.244,0.610,0.183
-0.022,-0.286,9.956,0.244,0.610,0.183
-0.041,-0.312,9.934,0.244,0.610,0.122
-0.020,-0.278,9.932,0.305,0.610,0.183
0.063,-0.275,9.946,0.244,0.610,0.183
0.151,-0.272,9.936,0.244,0.549,0.122
0.108,-0.283,9.929,0.183,0.549,0.183
0.001,-0.277,9.930,0.244,0.610,0.183
-0.029,-0.294,9.937,0.244,0.610,0.183
-0.017,-0.296,9.943,0.244,0.610,0.183
0.032,-0.280,9.937,0.183,0.549,0.183
0.092,-0.284,9.932,0.244,0.549,0.183
0.128,-0.278,9.932,0.244,0.610,0.183
0.062,-0.279,9.935,0.305,0.610,0.183
-0.013,-0.280,9.947,0.244,0.610,0.183
-0.031,-0.292,9.945,0.244,0.610,0.183
-0.001,-0.275,9.940,0.244,0.549,0.183
0.053,-0.290,9.937,0.183,0.549,0.183
0.121,-0.298,9.932,0.183,0.610,0.183
0.099,-0.287,9.934,0.305,0.610,0.183
0.020,-0.278,9.931,0.305,0.610,0.183
0.017,-0.290,9.946,0.366,0.610,0.183
0.015,-0.286,9.947,0.305,0.549,0.244
0.013,-0.273,9.951,0.305,0.610,0.244
0.041,-0.266,9.943,0.183,0.610,0.183
0.057,-0.281,9.936,0.122,0.488,0.122
0.065,-0.283,9.944,0.183,0.488,0.183
0.059,-0.284,9.944,0.183,0.549,0.183
0.051,-0.307,9.935,0.183,0.549,0.122
0.044,-0.288,9.949,0.244,0.610,0.183
0.028,-0.271,9.933,0.244,0.549,0.183
0.039,-0.284,9.942,0.244,0.610,0.122
0.044,-0.287,9.931,0.244,0.549,0.183
0.054,-0.280,9.932,0.244,0.610,0.183
0.070,-0.320,9.929,0.305,0.549,0.183
0.083,-0.277,9.940,0.488,0.610,0.183
0.045,-0.217,9.929,0.366,0.610,0.183
-0.023,-0.252,9.934,0.000,0.549,0.122
-0.025,-0.347,9.948,0.061,0.488,0.183
0.002,-0.290,9.941,0.244,0.549,0.183
0.072,-0.244,9.934,0.244,0.549,0.183
0.145,-0.294,9.941,0.183,0.549,0.122
0.101,-0.286,9.942,0.244,0.610,0.183
0.017,-0.270,9.943,0.305,0.610,0.244
-0.021,-0.281,9.945,0.244,0.610,0.183
-0.026,-0.326,9.943,0.244,0.549,0.183
0.013,-0.278,9.932,0.305,0.610,0.183
0.089,-0.283,9.937,0.244,0.610,0.183
0.141,-0.293,9.944,0.244,0.610,0.183
0.069,-0.274,9.944,0.244,0.610,0.183
-0.010,-0.270,9.941,0.244,0.610,0.183
-0.029,-0.303,9.935,0.244,0.549,0.183
0.005,-0.283,9.944,0.244,0.549,0.122
0.058,-0.272,9.937,0.244,0.549,0.183
0.118,-0.308,9.935,0.183,0.549,0.244
0.105,-0.318,9.935,0.305,0.549,0.183
0.037,-0.271,9.942,0.366,0.610,0.183
-0.002,-0.255,9.941,0.427,0.549,0.183
-0.014,-0.270,9.938,0.305,0.549,0.244
0.001,-0.248,9.935,0.244,0.549,0.183
0.060,-0.273,9.947,0.122,0.549,0.183
0.098,-0.297,9.943,0.061,0.549,0.183
0.095,-0.307,9.940,0.122,0.549,0.244
0.051,-0.266,9.941,0.244,0.610,0.244
0.022,-0.276,9.947,0.244,0.549,0.183
0.001,-0.314,9.944,0.183,0.549,0.183
0.017,-0.293,9.920,0.305,0.549,0.183
0.067,-0.317,9.966,0.488,0.549,0.122
0.108,-0.265,9.951,0.488,0.549,0.122
0.110,-0.206,9.927,0.305,0.549,0.183
0.023,-0.238,9.935,0.061,0.610,0.122
-0.045,-0.354,9.948,-0.061,0.610,0.183
-0.055,-0.333,9.927,0.183,0.610,0.244
0.015,-0.329,9.932,0.488,0.488,0.183
0.157,-0.263,9.946,0.610,0.488,0.183
0.189,-0.175,9.934,0.244,0.610,0.244
0.054,-0.233,9.934,-0.061,0.671,0.183
-0.048,-0.387,9.953,-0.061,0.610,0.183
-0.088,-0.322,9.944,0.183,0.610,0.183
-0.049,-0.232,9.935,0.305,0.549,0.122
0.077,-0.284,9.941,0.244,0.488,0.183
0.254,-0.284,9.934,0.244,0.488,0.183
0.151,-0.268,9.940,0.305,0.610,0.183
-0.040,-0.279,9.944,0.183,0.671,0.244
-0.079,-0.320,9.932,0.183,0.671,0.183
-0.061,-0.271,9.940,0.244,0.610,0.183
0.007,-0.271,9.944,0.183,0.549,0.244
0.158,-0.287,9.938,0.183,0.549,0.244
0.223,-0.290,9.928,0.305,0.549,0.183
0.041,-0.276,9.938,0.366,0.610,0.183
-0.059,-0.316,9.943,0.366,0.549,0.183
-0.050,-0.272,9.949,0.366,0.610,0.122
-0.010,-0.209,9.935,0.244,0.549,0.122
0.064,-0.285,9.939,0.061,0.549,0.183
0.150,-0.330,9.923,0.122,0.610,0.183
0.117,-0.312,9.914,0.366,0.610,0.183
0.010,-0.286,9.957,0.488,0.549,0.183
-0.016,-0.221,9.951,0.305,0.549,0.183
-0.007,-0.223,9.940,0.061,0.549,0.183
0.023,-0.306,9.943,-0.061,0.610,0.183
0.080,-0.355,9.947,0.061,0.549,0.183
0.102,-0.267,9.922,0.305,0.610,0.183
0.061,-0.253,9.934,0.305,0.610,0.183
0.020,-0.277,9.935,0.183,0.549,0.183
0.014,-0.324,9.950,0.183,0.549,0.244
0.025,-0.268,9.947,0.305,0.610,0.183
0.036,-0.270,9.944,0.244,0.610,0.244
0.038,-0.286,9.947,0.244,0.549,0.183
0.071,-0.288,9.940,0.183,0.488,0.183
0.085,-0.283,9.937,0.183,0.549,0.183
0.051,-0.290,9.950,0.244,0.549,0.183
-0.012,-0.272,9.950,0.305,0.610,0.183
0.005,-0.279,9.940,0.244,0.610,0.183
0.057,-0.282,9.944,0.183,0.549,0.183
0.069,-0.278,9.948,0.244,0.549,0.183
0.052,-0.283,9.942,0.244,0.549,0.183
0.057,-0.283,9.937,0.183,0.610,0.183
0.042,-0.277,9.935,0.244,0.610,0.183
0.010,-0.289,9.946,0.244,0.610,0.183
0.008,-0.305,9.944,0.244,0.610,0.183
0.071,-0.284,9.941,0.305,0.610,0.183
0.132,-0.266,9.949,0.366,0.610,0.183
0.077,-0.253,9.951,0.305,0.549,0.183
-0.026,-0.301,9.942,0.183,0.549,0.183
-0.062,-0.295,9.937,0.183,0.549,0.122
-0.017,-0.297,9.937,0.122,0.488,0.183
0.062,-0.253,9.936,0.183,0.488,0.183
0.163,-0.312,9.934,0.244,0.549,0.183
0.186,-0.295,9.926,0.305,0.610,0.183
0.071,-0.282,9.959,0.366,0.671,0.183
-0.041,-0.250,9.938,0.305,0.610,0.244
-0.106,-0.291,9.936,0.183,0.549,0.183
-0.078,-0.306,9.946,0.122,0.549,0.183
0.048,-0.266,9.946,0.183,0.549,0.183
0.238,-0.257,9.931,0.183,0.549,0.244
0.236,-0.264,9.926,0.244,0.610,0.183
0.051,-0.327,9.947,0.305,0.671,0.244
-0.092,-0.267,9.941,0.366,0.671,0.183
-0.159,-0.268,9.947,0.244,0.549,0.183
-0.096,-0.293,9.934,0.122,0.549,0.122
0.086,-0.320,9.950,0.122,0.488,0.183
0.330,-0.257,9.922,0.183,0.549,0.183
0.222,-0.243,9.936,0.244,0.610,0.183
-0.056,-0.324,9.941,0.183,0.610,0.183
-0.129,-0.313,9.948,0.183,0.610,0.183
-0.107,-0.291,9.943,0.244,0.549,0.183
0.000,-0.252,9.935,0.244,0.549,0.183
0.204,-0.320,9.949,0.183,0.549,0.244
0.270,-0.272,9.925,0.305,0.549,0.183
0.040,-0.272,9.939,0.305,0.610,0.183
-0.096,-0.275,9.933,0.244,0.610,0.183
-0.105,-0.322,9.933,0.183,0.549,0.183
-0.031,-0.279,9.934,0.305,0.488,0.122
0.119,-0.296,9.940,0.183,0.488,0.183
0.256,-0.278,9.928,0.183,0.549,0.183
0.117,-0.286,9.938,0.305,0.610,0.183
-0.047,-0.297,9.944,0.305,0.671,0.183
-0.082,-0.287,9.941,0.305,0.610,0.183
-0.057,-0.286,9.941,0.305,0.549,0.183
0.044,-0.275,9.953,0.244,0.549,0.183
0.206,-0.287,9.943,0.244,0.549,0.183
0.190,-0.281,9.926,0.244,0.549,0.183
-0.004,-0.299,9.938,0.366,0.549,0.183
-0.068,-0.303,9.953,0.366,0.549,0.183
-0.048,-0.256,9.957,0.427,0.549,0.183
0.014,-0.241,9.938,0.183,0.549,0.244
0.097,-0.254,9.934,0.061,0.549,0.183
0.184,-0.327,9.937,0.061,0.610,0.244
0.106,-0.289,9.937,0.183,0.610,0.183
-0.022,-0.290,9.938,0.183,0.671,0.183
-0.056,-0.275,9.933,0.183,0.549,0.122
-0.020,-0.309,9.932,0.183,0.488,0.183
0.053,-0.283,9.936,0.244,0.549,0.183
0.141,-0.286,9.932,0.305,0.549,0.183
0.116,-0.281,9.931,0.305,0.549,0.122
0.022,-0.274,9.937,0.305,0.610,0.183
-0.016,-0.290,9.940,0.183,0.610,0.244
-0.029,-0.291,9.943,0.244,0.549,0.183
0.004,-0.297,9.949,0.244,0.549,0.183
0.080,-0.279,9.949,0.244,0.549,0.183
0.139,-0.305,9.928,0.244,0.610,0.183
0.069,-0.293,9.930,0.366,0.549,0.122
0.008,-0.278,9.960,0.366,0.549,0.122
-0.002,-0.240,9.938,0.305,0.610,0.122
0.005,-0.281,9.932,0.122,0.610,0.244
0.032,-0.291,9.934,0.122,0.610,0.183
0.067,-0.290,9.946,0.183,0.610,0.122
0.093,-0.271,9.940,0.244,0.610,0.183
0.065,-0.274,9.939,0.244,0.549,0.122
0.016,-0.283,9.942,0.183,0.549,0.183
0.000,-0.321,9.926,0.305,0.549,0.183
0.013,-0.284,9.966,0.488,0.488,0.183
0.053,-0.235,9.939,0.366,0.610,0.183
0.093,-0.247,9.940,0.122,0.610,0.122
0.090,-0.330,9.927,0.122,0.671,0.183
0.050,-0.270,9.954,0.244,0.610,0.183
-0.013,-0.265,9.936,0.305,0.610,0.183
-0.043,-0.301,9.943,0.244,0.488,0.183
0.016,-0.321,9.940,0.366,0.549,0.183
0.149,-0.247,9.950,0.305,0.549,0.183
0.157,-0.272,9.931,0.183,0.610,0.122
0.034,-0.298,9.937,0.183,0.610,0.183
-0.035,-0.289,9.934,0.183,0.671,0.183
-0.038,-0.286,9.949,0.244,0.549,0.183
-0.014,-0.302,9.944,0.305,0.549,0.122
0.074,-0.275,9.950,0.244,0.549,0.183
0.182,-0.244,9.943,0.244,0.610,0.183
0.127,-0.301,9.950,0.122,0.610,0.244
-0.015,-0.294,9.943,0.183,0.610,0.183
-0.057,-0.291,9.945,0.305,0.610,0.183
-0.050,-0.271,9.935,0.244,0.549,0.183
0.028,-0.287,9.940,0.244,0.610,0.122
0.143,-0.272,9.936,0.183,0.549,0.183
0.169,-0.277,9.925,0.244,0.610,0.183
0.042,-0.275,9.946,0.244,0.610,0.183
-0.032,-0.284,9.940,0.244,0.610,0.183
-0.050,-0.300,9.940,0.244,0.549,0.183
0.010,-0.306,9.935,0.244,0.549,0.183
0.085,-0.282,9.944,0.305,0.549,0.183
0.155,-0.263,9.935,0.305,0.610,0.183
0.095,-0.271,9.938,0.183,0.549,0.122
0.008,-0.276,9.944,0.244,0.610,0.183
-0.029,-0.294,9.940,0.244,0.610,0.244
-0.027,-0.268,9.933,0.244,0.610,0.183
0.028,-0.300,9.942,0.183,0.549,0.183
0.111,-0.286,9.936,0.244,0.549,0.183
0.153,-0.277,9.938,0.305,0.549,0.183
0.043,-0.272,9.936,0.244,0.610,0.183
-0.020,-0.291,9.932,0.244,0.610,0.183
-0.032,-0.295,9.944,0.244,0.610,0.183
0.012,-0.291,9.931,0.244,0.549,0.183
0.054,-0.289,9.944,0.366,0.488,0.183
0.124,-0.267,9.949,0.305,0.488,0.122
0.113,-0.252,9.935,0.244,0.610,0.183
0.030,-0.303,9.938,0.061,0.610,0.244
-0.022,-0.328,9.954,0.122,0.549,0.183
-0.044,-0.277,9.935,0.305,0.610,0.183
0.009,-0.271,9.941,0.244,0.549,0.183
0.091,-0.300,9.941,0.183,0.549,0.183
0.133,-0.290,9.939,0.244,0.549,0.183
0.079,-0.260,9.934,0.366,0.610,0.122
0.007,-0.295,9.930,0.305,0.549,0.183
-0.019,-0.288,9.946,0.305,0.549,0.183
0.002,-0.272,9.947,0.244,0.610,0.183
0.034,-0.275,9.949,0.122,0.610,0.183
0.095,-0.302,9.938,0.122,0.610,0.244
0.097,-0.282,9.949,0.183,0.610,0.183
0.045,-0.285,9.941,0.183,0.610,0.183
0.003,-0.289,9.945,0.244,0.610,0.183
-0.010,-0.274,9.940,0.244,0.549,0.183
0.021,-0.283,9.940,0.244,0.549,0.122
0.076,-0.295,9.940,0.244,0.549,0.183
0.086,-0.287,9.939,0.305,0.549,0.183
0.059,-0.268,9.939,0.305,0.549,0.183
0.029,-0.282,9.943,0.183,0.610,0.183
0.004,-0.297,9.937,0.183,0.610,0.183
0.005,-0.282,9.934,0.183,0.610,0.183
0.026,-0.268,9.935,0.244,0.549,0.183
0.066,-0.299,9.941,0.244,0.549,0.183
0.086,-0.289,9.935,0.183,0.549,0.183
0.063,-0.285,9.938,0.244,0.610,0.244
0.031,-0.294,9.937,0.244,0.610,0.183
0.001,-0.296,9.945,0.244,0.610,0.183
0.013,-0.284,9.914,0.244,0.549,0.183
0.085,-0.293,9.980,0.427,0.610,0.183
0.087,-0.276,9.945,0.366,0.549,0.183
0.016,-0.252,9.931,0.244,0.549,0.183
-0.022,-0.282,9.943,0.122,0.610,0.183
-0.015,-0.300,9.937,0.122,0.610,0.183
0.028,-0.283,9.936,0.183,0.549,0.122
0.096,-0.281,9.940,0.244,0.549,0.183
0.150,-0.271,9.937,0.244,0.549,0.183
0.077,-0.284,9.941,0.244,0.549,0.183
-0.007,-0.290,9.935,0.244,0.610,0.183
-0.037,-0.309,9.945,0.244,0.549,0.183
-0.009,-0.265,9.939,0.244,0.549,0.122
0.057,-0.280,9.939,0.183,0.549,0.183
0.122,-0.276,9.932,0.183,0.549,0.183
0.114,-0.294,9.940,0.244,0.549,0.183
0.035,-0.279,9.940,0.305,0.610,0.183
-0.013,-0.300,9.931,0.244,0.610,0.183
-0.019,-0.288,9.944,0.244,0.610,0.244
0.059,-0.300,9.943,0.366,0.549,0.244
0.121,-0.296,9.932,0.427,0.610,0.183
0.072,-0.216,9.947,0.366,0.610,0.122
0.012,-0.286,9.941,0.122,0.610,0.122
-0.041,-0.284,9.937,0.122,0.610,0.122
-0.035,-0.293,9.940,0.183,0.549,0.122
0.038,-0.267,9.936,0.183,0.549,0.122
0.170,-0.299,9.938,0.183,0.549,0.183
0.178,-0.283,9.928,0.244,0.549,0.183
0.027,-0.286,9.934,0.244,0.610,0.183
-0.050,-0.303,9.949,0.244,0.610,0.183
-0.055,-0.286,9.951,0.244,0.549,0.183
-0.016,-0.281,9.940,0.244,0.549,0.183
0.078,-0.286,9.944,0.244,0.549,0.183
0.183,-0.281,9.943,0.305,0.549,0.183
0.108,-0.277,9.941,0.305,0.610,0.183
-0.017,-0.299,9.935,0.183,0.610,0.244
-0.055,-0.302,9.944,0.244,0.610,0.244
-0.030,-0.296,9.945,0.427,0.549,0.183
0.048,-0.281,9.950,0.427,0.488,0.183
0.145,-0.277,9.951,0.305,0.549,0.244
0.136,-0.245,9.941,0.244,0.610,0.183
0.031,-0.257,9.939,0.061,0.671,0.183
-0.042,-0.302,9.940,0.061,0.671,0.183
-0.041,-0.314,9.951,0.183,0.610,0.183
-0.004,-0.272,9.942,0.305,0.610,0.122
0.089,-0.295,9.942,0.244,0.549,0.183
0.169,-0.305,9.935,0.183,0.549,0.122
0.086,-0.293,9.935,0.305,0.610,0.183
-0.016,-0.283,9.935,0.366,0.549,0.183
-0.022,-0.297,9.950,0.427,0.549,0.122
-0.014,-0.265,9.951,0.366,0.610,0.183
0.015,-0.241,9.943,0.183,0.549,0.244
0.074,-0.266,9.940,0.061,0.610,0.183
0.132,-0.310,9.940,0.000,0.610,0.244
0.078,-0.281,9.928,0.183,0.610,0.183
0.011,-0.304,9.938,0.183,0.610,0.244
-0.008,-0.292,9.940,0.244,0.610,0.183
0.010,-0.270,9.946,0.244,0.610,0.183
0.035,-0.279,9.939,0.244,0.549,0.183
0.075,-0.290,9.941,0.244,0.549,0.244
0.097,-0.281,9.932,0.305,0.549,0.183
0.068,-0.268,9.941,0.305,0.610,0.183
0.014,-0.300,9.938,0.244,0.549,0.183
-0.031,-0.295,9.943,0.183,0.610,0.183
-0.003,-0.276,9.917,0.244,0.549,0.183
0.076,-0.294,9.942,0.183,0.549,0.183
0.101,-0.298,9.938,0.244,0.549,0.244
0.071,-0.272,9.937,0.305,0.610,0.183
0.041,-0.262,9.941,0.305,0.549,0.183
0.013,-0.299,9.941,0.183,0.549,0.183
-0.002,-0.287,9.947,0.244,0.610,0.183
0.009,-0.260,9.941,0.244,0.549,0.183
0.052,-0.274,9.930,0.244,0.549,0.122
0.093,-0.308,9.938,0.244,0.549,0.183
0.078,-0.280,9.951,0.244,0.549,0.244
0.041,-0.295,9.937,0.244,0.610,0.244
-0.009,-0.291,9.943,0.244,0.610,0.183
-0.005,-0.281,9.940,0.244,0.610,0.183
0.028,-0.280,9.939,0.244,0.549,0.183
0.063,-0.283,9.928,0.183,0.549,0.183
0.090,-0.279,9.949,0.244,0.549,0.183
0.076,-0.266,9.931,0.244,0.549,0.183
0.038,-0.297,9.939,0.244,0.549,0.183
0.004,-0.293,9.946,0.244,0.549,0.183
0.002,-0.281,9.943,0.244,0.549,0.183
0.037,-0.280,9.936,0.305,0.549,0.183
0.108,-0.306,9.948,0.366,0.549,0.244
0.129,-0.272,9.949,0.366,0.549,0.183
0.044,-0.269,9.938,0.305,0.549,0.183
-0.046,-0.269,9.939,0.183,0.549,0.183
-0.078,-0.300,9.941,0.122,0.488,0.244
-0.019,-0.271,9.940,0.122,0.488,0.183
0.105,-0.295,9.926,0.122,0.549,0.244
0.209,-0.289,9.928,0.183,0.549,0.183
0.101,-0.278,9.927,0.305,0.610,0.244
-0.028,-0.275,9.947,0.244,0.610,0.183
-0.054,-0.293,9.946,0.183,0.610,0.183
-0.032,-0.286,9.943,0.244,0.549,0.183
0.027,-0.282,9.929,0.244,0.488,0.183
0.141,-0.275,9.939,0.244,0.549,0.183
0.177,-0.268,9.926,0.244,0.549,0.183
0.041,-0.275,9.941,0.183,0.610,0.183
-0.056,-0.293,9.946,0.183,0.610,0.183
-0.056,-0.297,9.947,0.244,0.610,0.183
0.003,-0.255,9.944,0.244,0.549,0.183
0.095,-0.281,9.944,0.183,0.549,0.244
0.156,-0.280,9.938,0.244,0.549,0.183
0.085,-0.283,9.943,0.244,0.549,0.183
0.004,-0.271,9.936,0.244,0.610,0.183
-0.001,-0.349,9.935,0.366,0.488,0.122
-0.011,-0.274,9.952,0.488,0.549,0.183
-0.005,-0.217,9.944,0.366,0.549,0.183
0.048,-0.262,9.951,0.122,0.549,0.183
0.099,-0.308,9.937,0.061,0.610,0.183
0.078,-0.300,9.935,0.122,0.610,0.183
0.026,-0.276,9.929,0.183,0.549,0.122
0.024,-0.294,9.949,0.244,0.549,0.183
0.028,-0.274,9.936,0.183,0.610,0.183
0.026,-0.303,9.932,0.183,0.610,0.183
0.051,-0.293,9.943,0.244,0.549,0.183
0.080,-0.299,9.941,0.244,0.610,0.244
0.075,-0.251,9.939,0.244,0.549,0.122
0.029,-0.306,9.934,0.244,0.549,0.183
0.001,-0.276,9.946,0.305,0.549,0.183
0.023,-0.284,9.944,0.244,0.610,0.183
0.045,-0.273,9.941,0.183,0.549,0.183
0.053,-0.302,9.937,0.183,0.488,0.183
0.043,-0.284,9.931,0.244,0.549,0.183
0.058,-0.303,9.940,0.305,0.610,0.183
0.061,-0.289,9.949,0.427,0.610,0.183
0.019,-0.264,9.946,0.305,0.610,0.183
-0.010,-0.254,9.938,0.122,0.549,0.183
0.035,-0.318,9.940,0.061,0.610,0.183
0.075,-0.302,9.929,0.183,0.549,0.183
0.064,-0.242,9.933,0.244,0.549,0.122
0.033,-0.276,9.936,0.122,0.610,0.183
0.041,-0.308,9.950,0.183,0.549,0.183
0.041,-0.306,9.941,0.244,0.610,0.183
0.014,-0.255,9.930,0.305,0.610,0.183
0.028,-0.293,9.947,0.244,0.610,0.183
0.060,-0.285,9.946,0.244,0.549,0.183
0.084,-0.289,9.947,0.244,0.549,0.244
0.054,-0.268,9.943,0.244,0.549,0.183
0.032,-0.293,9.931,0.244,0.610,0.183
0.031,-0.286,9.906,0.244,0.549,0.122
0.089,-0.306,9.965,0.427,0.549,0.305
0.032,-0.294,9.946,0.366,0.549,0.244
-0.010,-0.257,9.939,0.305,0.610,0.183
0.011,-0.286,9.943,0.122,0.610,0.183
0.037,-0.284,9.946,0.061,0.549,0.122
0.053,-0.282,9.943,0.122,0.549,0.183
0.092,-0.271,9.938,0.183,0.549,0.183
0.110,-0.276,9.941,0.122,0.549,0.183
0.048,-0.314,9.956,0.183,0.549,0.244
-0.010,-0.270,9.937,0.244,0.549,0.183
-0.014,-0.299,9.944,0.244,0.549,0.183
0.023,-0.295,9.939,0.244,0.549,0.122
0.068,-0.291,9.950,0.305,0.549,0.183
0.072,-0.248,9.937,0.305,0.610,0.183
0.075,-0.294,9.937,0.244,0.549,0.183
0.060,-0.288,9.934,0.183,0.549,0.183
0.014,-0.278,9.937,0.244,0.549,0.183
-0.023,-0.282,9.944,0.244,0.549,0.183
0.018,-0.287,9.950,0.183,0.549,0.183
0.072,-0.289,9.949,0.183,0.549,0.183
0.088,-0.272,9.938,0.244,0.610,0.183
0.047,-0.280,9.922,0.305,0.610,0.183
0.031,-0.271,9.932,0.244,0.610,0.183
0.029,-0.288,9.937,0.244,0.610,0.122
0.019,-0.279,9.930,0.244,0.549,0.183
0.018,-0.281,9.933,0.244,0.549,0.183
0.054,-0.283,9.943,0.183,0.549,0.183
0.086,-0.296,9.953,0.244,0.488,0.183
0.060,-0.288,9.940,0.244,0.610,0.183
0.013,-0.277,9.944,0.305,0.610,0.183
0.005,-0.278,9.944,0.244,0.610,0.183
0.039,-0.295,9.943,0.183,0.549,0.183
0.066,-0.282,9.923,0.244,0.610,0.244
0.057,-0.277,9.933,0.244,0.549,0.183
0.050,-0.278,9.941,0.183,0.549,0.183
0.063,-0.296,9.940,0.183,0.549,0.183
0.037,-0.291,9.937,0.244,0.610,0.183
0.013,-0.282,9.954,0.183,0.610,0.183
0.025,-0.289,9.941,0.244,0.610,0.183
0.061,-0.280,9.939,0.244,0.610,0.183
0.054,-0.284,9.942,0.244,0.610,0.244
0.039,-0.284,9.944,0.244,0.549,0.183
0.032,-0.280,9.945,0.244,0.549,0.183
0.041,-0.275,9.943,0.244,0.549,0.183
0.034,-0.296,9.941,0.244,0.549,0.183
0.037,-0.297,9.942,0.244,0.610,0.183
0.041,-0.281,9.940,0.244,0.549,0.183
0.054,-0.275,9.937,0.244,0.549,0.183
0.045,-0.275,9.941,0.244,0.549,0.183
0.030,-0.289,9.946,0.244,0.549,0.183
0.031,-0.281,9.944,0.244,0.549,0.122
0.039,-0.274,9.941,0.183,0.549,0.122
0.028,-0.287,9.943,0.183,0.549,0.183
0.032,-0.290,9.943,0.183,0.549,0.183
0.056,-0.302,9.940,0.244,0.549,0.183
0.074,-0.291,9.934,0.305,0.610,0.183
0.053,-0.286,9.942,0.244,0.610,0.183
0.027,-0.289,9.946,0.305,0.549,0.183
0.030,-0.286,9.946,0.305,0.549,0.122
0.048,-0.271,9.941,0.305,0.549,0.122
0.037,-0.265,9.948,0.244,0.549,0.122
0.043,-0.269,9.950,0.122,0.549,0.183
0.051,-0.286,9.936,0.183,0.610,0.183
0.057,-0.305,9.941,0.244,0.610,0.183
0.044,-0.296,9.944,0.244,0.549,0.183
0.031,-0.298,9.939,0.305,0.549,0.183
0.031,-0.275,9.943,0.305,0.610,0.183
0.048,-0.259,9.935,0.244,0.610,0.183
0.037,-0.272,9.935,0.183,0.549,0.183
0.037,-0.305,9.934,0.183,0.549,0.183
0.042,-0.289,9.947,0.183,0.549,0.183
0.050,-0.290,9.944,0.183,0.549,0.183
0.044,-0.298,9.934,0.305,0.610,0.183
0.030,-0.289,9.952,0.305,0.549,0.183
0.038,-0.265,9.950,0.244,0.549,0.183
0.053,-0.267,9.943,0.183,0.610,0.122
0.039,-0.298,9.932,0.183,0.549,0.244
0.031,-0.302,9.937,0.244,0.549,0.183
0.043,-0.280,9.954,0.305,0.610,0.183
0.050,-0.266,9.940,0.244,0.549,0.183
0.031,-0.289,9.941,0.244,0.610,0.183
0.033,-0.287,9.941,0.183,0.549,0.183
0.045,-0.284,9.937,0.244,0.549,0.183
0.053,-0.281,9.947,0.244,0.549,0.183
0.035,-0.289,9.945,0.244,0.610,0.122
0.033,-0.265,9.932,0.244,0.610,0.244
0.043,-0.278,9.929,0.244,0.610,0.244
0.053,-0.281,9.937,0.244,0.549,0.183
0.033,-0.283,9.950,0.244,0.549,0.183
0.017,-0.283,9.954,0.244,0.549,0.122
0.045,-0.286,9.951,0.244,0.610,0.183
0.056,-0.282,9.947,0.244,0.549,0.183
0.040,-0.276,9.946,0.244,0.549,0.183
0.034,-0.290,9.955,0.244,0.549,0.183
0.042,-0.278,9.931,0.244,0.549,0.244
0.054,-0.284,9.925,0.244,0.549,0.183
0.037,-0.290,9.944,0.244,0.549,0.183
0.029,-0.275,9.940,0.183,0.549,0.183
0.045,-0.274,9.936,0.244,0.610,0.183
0.045,-0.294,9.941,0.183,0.610,0.183
0.039,-0.299,9.942,0.244,0.549,0.183
0.029,-0.278,9.947,0.305,0.549,0.183
0.038,-0.272,9.954,0.244,0.610,0.244
0.052,-0.296,9.939,0.244,0.549,0.244
0.045,-0.294,9.936,0.244,0.610,0.183
0.040,-0.266,9.938,0.244,0.549,0.122
0.044,-0.272,9.936,0.183,0.610,0.183
0.044,-0.285,9.928,0.183,0.610,0.183
0.032,-0.294,9.937,0.244,0.549,0.183
0.040,-0.283,9.939,0.244,0.549,0.183
0.050,-0.281,9.941,0.244,0.549,0.122
0.041,-0.282,9.939,0.244,0.610,0.183
0.035,-0.278,9.946,0.244,0.610,0.183
0.044,-0.280,9.951,0.244,0.549,0.183
0.039,-0.279,9.932,0.244,0.549,0.183
0.041,-0.278,9.928,0.183,0.549,0.122
0.041,-0.284,9.935,0.183,0.549,0.183
0.044,-0.294,9.945,0.244,0.549,0.183
0.047,-0.286,9.949,0.244,0.549,0.183
0.051,-0.279,9.935,0.244,0.549,0.183
0.040,-0.286,9.941,0.183,0.549,0.183
0.042,-0.277,9.940,0.244,0.610,0.183
0.048,-0.283,9.941,0.183,0.610,0.183
0.054,-0.299,9.941,0.244,0.549,0.183
0.063,-0.290,9.931,0.305,0.610,0.183
0.043,-0.232,9.935,0.305,0.610,0.183
0.031,-0.263,9.942,0.183,0.549,0.183
0.027,-0.324,9.940,0.122,0.549,0.183
0.034,-0.332,9.937,0.244,0.488,0.183
0.063,-0.245,9.931,0.366,0.549,0.122
0.089,-0.258,9.920,0.244,0.610,0.122
0.044,-0.287,9.936,0.244,0.610,0.183
0.019,-0.263,9.947,0.305,0.610,0.183
0.011,-0.275,9.940,0.183,0.610,0.183
0.005,-0.291,9.937,0.122,0.549,0.183
0.016,-0.323,9.940,0.122,0.549,0.183
0.088,-0.299,9.946,0.244,0.549,0.122
0.115,-0.261,9.945,0.366,0.610,0.183
0.036,-0.206,9.935,0.305,0.610,0.183
-0.020,-0.304,9.953,0.061,0.549,0.183
-0.030,-0.363,9.950,0.122,0.549,0.183
0.037,-0.293,9.935,0.305,0.549,0.183
0.122,-0.220,9.929,0.366,0.549,0.122
0.128,-0.261,9.931,0.305,0.610,0.183
0.032,-0.274,9.958,0.244,0.610,0.244
-0.035,-0.335,9.944,0.122,0.549,0.183
-0.073,-0.303,9.931,0.183,0.549,0.183
-0.004,-0.291,9.939,0.244,0.549,0.183
0.142,-0.274,9.935,0.305,0.549,0.122
0.189,-0.265,9.922,0.305,0.549,0.183
0.040,-0.272,9.938,0.244,0.610,0.122
-0.040,-0.304,9.938,0.122,0.610,0.183
-0.053,-0.306,9.940,0.183,0.549,0.244
-0.015,-0.275,9.935,0.244,0.488,0.183
0.093,-0.291,9.941,0.244,0.549,0.183
0.191,-0.288,9.935,0.366,0.610,0.183
0.079,-0.254,9.946,0.305,0.610,0.183
-0.050,-0.277,9.931,0.122,0.610,0.183
-0.052,-0.327,9.940,0.061,0.549,0.183
0.002,-0.325,9.942,0.244,0.549,0.122
0.095,-0.278,9.935,0.366,0.549,0.122
0.141,-0.221,9.934,0.366,0.610,0.183
0.066,-0.265,9.937,0.183,0.549,0.183
0.011,-0.356,9.948,0.061,0.610,0.183
-0.019,-0.349,9.935,0.244,0.549,0.183
0.007,-0.236,9.931,0.427,0.610,0.183
0.040,-0.208,9.933,0.305,0.610,0.183
0.077,-0.277,9.941,0.061,0.549,0.183
0.104,-0.369,9.941,0.061,0.549,0.244
0.049,-0.285,9.932,0.305,0.610,0.183
0.029,-0.249,9.930,0.366,0.610,0.122
-0.011,-0.212,9.932,0.244,0.610,0.183
-0.006,-0.309,9.941,0.061,0.549,0.244
0.028,-0.363,9.943,0.061,0.549,0.183
0.118,-0.314,9.947,0.427,0.549,0.183
0.123,-0.161,9.930,0.488,0.610,0.183
-0.005,-0.225,9.937,0.122,0.610,0.244
-0.030,-0.394,9.938,-0.061,0.549,0.244
-0.002,-0.343,9.942,0.244,0.610,0.122
0.060,-0.212,9.931,0.488,0.610,0.183
0.104,-0.213,9.925,0.244,0.549,0.183
0.068,-0.309,9.929,0.061,0.610,0.183
0.033,-0.346,9.957,0.183,0.549,0.183
0.008,-0.265,9.934,0.305,0.610,0.183
0.006,-0.258,9.939,0.305,0.549,0.183
0.028,-0.283,9.928,0.183,0.488,0.122
0.095,-0.297,9.944,0.244,0.610,0.183
0.087,-0.241,9.929,0.244,0.549,0.183
0.021,-0.315,9.940,0.122,0.549,0.183
0.001,-0.305,9.946,0.183,0.488,0.122
0.042,-0.282,9.943,0.305,0.549,0.183
0.077,-0.264,9.940,0.244,0.610,0.183
0.051,-0.265,9.943,0.305,0.610,0.183
0.028,-0.266,9.948,0.183,0.549,0.183
0.031,-0.315,9.944,0.122,0.549,0.183
0.044,-0.317,9.943,0.244,0.549,0.183
0.069,-0.277,9.935,0.366,0.549,0.183
0.063,-0.224,9.944,0.366,0.610,0.183
0.034,-0.241,9.937,0.244,0.610,0.183
0.018,-0.344,9.944,0.061,0.549,0.244
0.007,-0.312,9.929,0.183,0.549,0.122
0.040,-0.309,9.935,0.305,0.549,0.183
0.095,-0.258,9.928,0.366,0.610,0.122
0.103,-0.210,9.929,0.366,0.610,0.183
0.039,-0.263,9.948,0.122,0.610,0.305
-0.004,-0.396,9.946,0.000,0.549,0.122
-0.017,-0.320,9.943,0.244,0.549,0.122
0.011,-0.218,9.928,0.305,0.549,0.122
0.111,-0.308,9.932,0.183,0.549,0.122
0.155,-0.271,9.934,0.366,0.610,0.183
0.058,-0.205,9.946,0.366,0.610,0.305
-0.013,-0.329,9.948,0.061,0.549,0.183
-0.068,-0.354,9.945,0.061,0.549,0.122
-0.047,-0.262,9.924,0.244,0.549,0.122
0.081,-0.266,9.934,0.244,0.488,0.122
0.211,-0.297,9.925,0.305,0.549,0.183
0.105,-0.188,9.937,0.427,0.549,0.244
-0.026,-0.283,9.940,0.183,0.610,0.244
-0.060,-0.330,9.934,0.000,0.610,0.183
-0.048,-0.337,9.946,0.183,0.610,0.183
0.049,-0.278,9.934,0.366,0.549,0.061
0.209,-0.270,9.940,0.488,0.549,0.122
0.112,-0.163,9.926,0.366,0.671,0.183
-0.023,-0.297,9.945,-0.061,0.610,0.244
-0.060,-0.379,9.941,0.000,0.549,0.183
-0.045,-0.354,9.945,0.244,0.549,0.183
0.048,-0.203,9.931,0.488,0.610,0.122
0.166,-0.241,9.922,0.366,0.610,0.183
0.129,-0.238,9.944,0.244,0.610,0.244
0.000,-0.337,9.941,0.061,0.610,0.244
-0.074,-0.319,9.938,0.122,0.549,0.122
-0.048,-0.312,9.938,0.305,0.549,0.122
0.061,-0.274,9.932,0.427,0.610,0.122
0.161,-0.209,9.940,0.488,0.610,0.183
0.122,-0.250,9.941,0.183,0.610,0.244
0.014,-0.337,9.945,0.000,0.549,0.183
-0.068,-0.344,9.940,0.183,0.610,0.183
-0.032,-0.268,9.929,0.366,0.610,0.122
0.060,-0.254,9.923,0.427,0.549,0.183
0.141,-0.221,9.944,0.427,0.610,0.183
0.123,-0.290,9.946,0.122,0.549,0.244
0.013,-0.327,9.946,0.000,0.549,0.183
-0.065,-0.341,9.935,0.183,0.549,0.183
0.007,-0.278,9.934,0.427,0.549,0.122
0.054,-0.202,9.940,0.488,0.610,0.244
0.066,-0.218,9.941,0.122,0.549,0.244
0.094,-0.393,9.942,-0.122,0.488,0.183
0.099,-0.358,9.938,0.305,0.549,0.183
0.056,-0.175,9.935,0.549,0.671,0.183
-0.083,-0.193,9.937,0.183,0.549,0.183
-0.071,-0.348,9.944,-0.122,0.488,0.183
0.022,-0.382,9.951,0.122,0.488,0.183
0.129,-0.218,9.938,0.305,0.549,0.183
0.195,-0.258,9.925,0.183,0.549,0.183
0.066,-0.274,9.929,0.183,0.610,0.183
0.001,-0.305,9.937,0.122,0.610,0.244
-0.024,-0.299,9.949,0.183,0.610,0.183
-0.045,-0.329,9.943,0.305,0.610,0.244
0.003,-0.223,9.940,0.305,0.610,0.122
0.156,-0.281,9.937,0.183,0.549,0.183
0.171,-0.323,9.938,0.183,0.549,0.183
0.020,-0.286,9.936,0.305,0.610,0.183
-0.054,-0.257,9.948,0.244,0.610,0.183
-0.035,-0.303,9.962,0.122,0.610,0.183
0.035,-0.305,9.946,0.244,0.549,0.244
0.074,-0.245,9.933,0.244,0.549,0.183
0.137,-0.299,9.929,0.183,0.549,0.183
0.097,-0.288,9.941,0.244,0.610,0.183
0.010,-0.251,9.938,0.305,0.610,0.244
-0.051,-0.269,9.944,0.183,0.610,0.122
-0.019,-0.338,9.947,0.183,0.549,0.183
0.048,-0.278,9.934,0.305,0.549,0.122
0.125,-0.256,9.940,0.305,0.549,0.183
0.115,-0.269,9.945,0.183,0.488,0.183
0.037,-0.326,9.931,0.183,0.549,0.183
-0.001,-0.272,9.936,0.305,0.549,0.122
-0.019,-0.256,9.936,0.244,0.549,0.183
-0.006,-0.291,9.941,0.183,0.549,0.183
0.066,-0.290,9.941,0.183,0.549,0.183
0.148,-0.277,9.940,0.183,0.549,0.183
0.093,-0.275,9.943,0.244,0.549,0.183
-0.003,-0.308,9.940,0.183,0.610,0.183
-0.027,-0.286,9.944,0.244,0.549,0.183
-0.001,-0.294,9.947,0.244,0.610,0.122
0.028,-0.282,9.937,0.244,0.549,0.122
0.071,-0.274,9.944,0.183,0.549,0.183
0.147,-0.302,9.935,0.244,0.610,0.122
0.074,-0.274,9.942,0.305,0.610,0.183
-0.049,-0.223,9.937,0.244,0.610,0.244
-0.089,-0.313,9.935,0.000,0.549,0.183
0.016,-0.387,9.948,0.000,0.549,0.122
0.177,-0.244,9.935,0.183,0.549,0.122
0.174,-0.252,9.922,0.305,0.549,0.183
0.026,-0.299,9.943,0.305,0.549,0.183
-0.035,-0.312,9.943,0.366,0.671,0.244
-0.066,-0.226,9.944,0.305,0.549,0.183
-0.040,-0.314,9.941,0.061,0.549,0.244
0.087,-0.316,9.940,0.122,0.488,0.122
0.252,-0.281,9.917,0.244,0.549,0.122
0.144,-0.257,9.940,0.366,0.610,0.244
-0.076,-0.300,9.957,0.366,0.610,0.244
-0.154,-0.277,9.946,0.244,0.610,0.122
-0.077,-0.302,9.928,0.122,0.549,0.244
0.139,-0.302,9.944,0.183,0.488,0.183
0.329,-0.293,9.931,0.305,0.549,0.183
0.089,-0.245,9.944,0.305,0.610,0.183
-0.108,-0.289,9.945,0.183,0.610,0.122
-0.109,-0.319,9.945,0.183,0.549,0.183
-0.057,-0.269,9.946,0.244,0.488,0.183
0.080,-0.277,9.935,0.183,0.488,0.183
0.279,-0.323,9.931,0.244,0.549,0.183
0.174,-0.256,9.933,0.366,0.610,0.183
-0.051,-0.271,9.941,0.244,0.610,0.244
-0.124,-0.317,9.940,0.183,0.610,0.122
-0.076,-0.328,9.944,0.305,0.549,0.183
0.040,-0.229,9.926,0.305,0.488,0.183
0.228,-0.286,9.928,0.183,0.488,0.183
0.229,-0.300,9.936,0.244,0.610,0.183
0.016,-0.281,9.941,0.305,0.610,0.183
-0.087,-0.266,9.945,0.244,0.610,0.244
-0.091,-0.314,9.950,0.183,0.549,0.183
-0.020,-0.289,9.935,0.244,0.549,0.183
0.130,-0.278,9.942,0.244,0.549,0.183
0.233,-0.281,9.925,0.244,0.549,0.183
0.090,-0.273,9.928,0.305,0.549,0.183
-0.057,-0.290,9.935,0.244,0.610,0.183
-0.075,-0.297,9.937,0.244,0.549,0.183
-0.040,-0.289,9.941,0.244,0.549,0.183
0.038,-0.261,9.935,0.244,0.610,0.244
0.190,-0.299,9.934,0.244,0.549,0.183
0.160,-0.295,9.930,0.244,0.549,0.183
0.001,-0.266,9.935,0.305,0.610,0.183
-0.058,-0.265,9.940,0.244,0.610,0.183
-0.067,-0.312,9.938,0.244,0.549,0.183
-0.001,-0.280,9.931,0.244,0.549,0.122
0.133,-0.279,9.929,0.183,0.549,0.183
0.178,-0.278,9.934,0.244,0.610,0.183
0.054,-0.296,9.946,0.244,0.610,0.244
-0.037,-0.291,9.941,0.244,0.671,0.183
-0.042,-0.296,9.943,0.183,0.610,0.183
-0.020,-0.284,9.942,0.244,0.549,0.122
0.044,-0.288,9.948,0.244,0.549,0.122
0.153,-0.282,9.935,0.244,0.549,0.183
0.138,-0.281,9.942,0.244,0.549,0.183
0.010,-0.276,9.949,0.305,0.610,0.244
-0.047,-0.299,9.940,0.244,0.549,0.183
-0.030,-0.293,9.941,0.183,0.549,0.183
0.028,-0.289,9.934,0.183,0.549,0.183
0.104,-0.286,9.937,0.244,0.549,0.183
0.149,-0.285,9.932,0.244,0.549,0.183
0.073,-0.275,9.938,0.244,0.610,0.183
-0.014,-0.280,9.934,0.244,0.610,0.183
-0.040,-0.290,9.931,0.244,0.610,0.183
-0.014,-0.289,9.949,0.244,0.488,0.244
0.047,-0.275,9.941,0.244,0.549,0.183
0.128,-0.293,9.935,0.244,0.549,0.183
0.121,-0.291,9.937,0.244,0.610,0.183
0.034,-0.287,9.940,0.244,0.610,0.183
-0.026,-0.287,9.934,0.244,0.610,0.183
-0.019,-0.284,9.937,0.244,0.610,0.183
0.014,-0.277,9.943,0.244,0.549,0.183
0.072,-0.284,9.941,0.244,0.549,0.183
0.120,-0.289,9.941,0.244,0.549,0.122
0.081,-0.272,9.929,0.244,0.549,0.183
0.008,-0.299,9.933,0.244,0.610,0.244
-0.017,-0.297,9.937,0.244,0.549,0.183
-0.009,-0.293,9.937,0.244,0.549,0.183
0.035,-0.276,9.940,0.244,0.610,0.183
0.088,-0.297,9.943,0.183,0.549,0.122
0.104,-0.287,9.934,0.244,0.549,0.183
0.068,-0.284,9.934,0.244,0.610,0.183
0.016,-0.281,9.937,0.244,0.610,0.183
-0.011,-0.305,9.937,0.244,0.610,0.244
-0.004,-0.284,9.941,0.244,0.610,0.183
0.050,-0.291,9.941,0.244,0.610,0.183
0.102,-0.280,9.945,0.244,0.549,0.183
0.091,-0.282,9.943,0.244,0.549,0.183
0.039,-0.275,9.936,0.244,0.610,0.183
0.011,-0.291,9.935,0.244,0.549,0.183
-0.015,-0.288,9.941,0.244,0.610,0.183
0.010,-0.277,9.937,0.183,0.549,0.183
0.067,-0.284,9.941,0.244,0.549,0.183
0.105,-0.289,9.949,0.244,0.549,0.183
0.076,-0.286,9.938,0.244,0.549,0.244
0.028,-0.286,9.935,0.244,0.549,0.183
0.002,-0.284,9.932,0.183,0.610,0.183
-0.002,-0.280,9.946,0.244,0.549,0.183
0.036,-0.278,9.932,0.244,0.549,0.183
0.065,-0.286,9.938,0.244,0.549,0.183
0.080,-0.283,9.939,0.244,0.549,0.183
0.071,-0.280,9.940,0.183,0.610,0.183
0.034,-0.300,9.942,0.183,0.549,0.122
-0.001,-0.291,9.929,0.244,0.549,0.183
0.001,-0.278,9.937,0.244,0.549,0.244
0.039,-0.284,9.944,0.244,0.610,0.183
0.067,-0.291,9.950,0.244,0.549,0.183
0.077,-0.284,9.950,0.244,0.549,0.183
0.065,-0.273,9.931,0.244,0.549,0.183
0.035,-0.289,9.926,0.244,0.549,0.183
0.014,-0.293,9.935,0.244,0.610,0.183
0.016,-0.284,9.935,0.244,0.549,0.183
0.042,-0.275,9.935,0.244,0.549,0.122
0.070,-0.283,9.941,0.183,0.549,0.244
0.082,-0.297,9.944,0.244,0.549,0.183
0.060,-0.289,9.938,0.305,0.610,0.183
0.026,-0.274,9.941,0.244,0.610,0.183
0.008,-0.281,9.937,0.244,0.610,0.183
0.020,-0.284,9.937,0.244,0.610,0.183
0.065,-0.277,9.931,0.244,0.610,0.244
0.078,-0.268,9.941,0.244,0.610,0.244
0.065,-0.277,9.946,0.183,0.549,0.183
0.034,-0.288,9.935,0.183,0.549,0.183
-0.004,-0.320,9.935,0.183,0.549,0.183
0.002,-0.274,9.936,0.244,0.549,0.244
0.024,-0.284,9.931,0.183,0.610,0.183
0.058,-0.297,9.946,0.183,0.549,0.183
0.086,-0.300,9.945,0.244,0.610,0.244
0.080,-0.283,9.947,0.244,0.610,0.183
0.032,-0.305,9.964,0.183,0.488,0.183
-0.004,-0.286,9.966,0.244,0.427,0.122
-0.002,-0.262,9.918,0.305,0.427,0.183
0.056,-0.294,9.913,0.244,0.488,0.183
0.119,-0.302,9.931,0.244,0.610,0.122
0.102,-0.267,9.932,0.244,0.671,0.183
0.044,-0.268,9.943,0.183,0.732,0.183
0.013,-0.323,9.965,0.183,0.671,0.183
-0.031,-0.293,9.966,0.244,0.488,0.183
0.013,-0.283,9.940,0.244,0.427,0.183
0.092,-0.303,9.919,0.244,0.488,0.183
0.119,-0.273,9.927,0.366,0.610,0.122
0.060,-0.250,9.938,0.305,0.671,0.183
0.012,-0.304,9.946,0.183,0.671,0.183
0.004,-0.314,9.950,0.244,0.610,0.183
-0.013,-0.296,9.956,0.305,0.549,0.244
0.023,-0.270,9.921,0.244,0.427,0.183
0.102,-0.279,9.921,0.183,0.488,0.183
0.124,-0.257,9.920,0.183,0.610,0.183
0.056,-0.292,9.944,0.183,0.671,0.244
-0.011,-0.290,9.956,0.183,0.671,0.183
-0.021,-0.326,9.951,0.183,0.549,0.183
-0.001,-0.299,9.938,0.244,0.427,0.122
0.062,-0.278,9.929,0.305,0.366,0.183
0.133,-0.233,9.916,0.305,0.549,0.183
0.123,-0.269,9.923,0.183,0.671,0.122
0.028,-0.318,9.948,0.122,0.671,0.244
-0.033,-0.329,9.959,0.183,0.610,0.183
-0.014,-0.311,9.951,0.305,0.427,0.122
0.037,-0.242,9.925,0.305,0.427,0.122
0.105,-0.257,9.927,0.244,0.549,0.183
0.154,-0.273,9.935,0.244,0.732,0.244
0.035,-0.280,9.952,0.183,0.732,0.244
-0.034,-0.324,9.966,0.183,0.671,0.183
-0.023,-0.335,9.955,0.244,0.427,0.183
0.023,-0.277,9.932,0.305,0.427,0.183
0.090,-0.236,9.912,0.305,0.549,0.183
0.141,-0.263,9.924,0.183,0.671,0.183
0.063,-0.307,9.953,0.183,0.732,0.244
-0.031,-0.310,9.954,0.183,0.671,0.244
-0.040,-0.333,9.955,0.244,0.488,0.183
0.017,-0.297,9.920,0.366,0.427,0.122
0.106,-0.226,9.922,0.305,0.488,0.122
0.143,-0.245,9.925,0.183,0.610,0.183
0.065,-0.284,9.940,0.122,0.732,0.244
-0.003,-0.289,9.949,0.122,0.732,0.183
-0.025,-0.332,9.963,0.122,0.610,0.183
-0.005,-0.295,9.953,0.244,0.488,0.122
0.056,-0.289,9.929,0.305,0.488,0.122
0.136,-0.248,9.926,0.244,0.549,0.122
0.127,-0.280,9.934,0.244,0.671,0.183
0.017,-0.268,9.954,0.183,0.732,0.183
-0.047,-0.303,9.957,0.183,0.671,0.244
-0.031,-0.334,9.940,0.122,0.488,0.183
0.039,-0.301,9.926,0.244,0.488,0.183
0.118,-0.267,9.937,0.366,0.549,0.183
0.154,-0.253,9.928,0.305,0.610,0.122
0.055,-0.271,9.934,0.244,0.671,0.244
-0.022,-0.281,9.950,0.244,0.732,0.183
-0.055,-0.303,9.952,0.183,0.610,0.183
-0.036,-0.319,9.936,0.183,0.549,0.183
0.075,-0.274,9.941,0.244,0.488,0.122
0.185,-0.268,9.923,0.305,0.549,0.183
0.136,-0.244,9.924,0.305,0.610,0.183
0.004,-0.281,9.929,0.183,0.671,0.244
-0.063,-0.293,9.940,0.183,0.610,0.183
-0.056,-0.324,9.939,0.183,0.610,0.183
0.023,-0.270,9.944,0.244,0.549,0.183
0.120,-0.289,9.941,0.183,0.488,0.183
0.177,-0.280,9.925,0.244,0.549,0.122
0.071,-0.283,9.937,0.183,0.610,0.183
-0.026,-0.282,9.947,0.244,0.549,0.183
-0.044,-0.294,9.944,0.244,0.610,0.122
-0.020,-0.290,9.940,0.244,0.610,0.183
0.048,-0.277,9.944,0.244,0.549,0.183
0.136,-0.293,9.932,0.183,0.549,0.183
0.121,-0.284,9.929,0.244,0.610,0.183
0.025,-0.280,9.945,0.244,0.610,0.183
-0.021,-0.300,9.934,0.244,0.610,0.244
-0.034,-0.287,9.938,0.244,0.610,0.183
0.007,-0.291,9.938,0.244,0.610,0.183
0.079,-0.277,9.949,0.244,0.549,0.183
0.148,-0.289,9.939,0.244,0.549,0.183
0.090,-0.274,9.932,0.244,0.610,0.183
0.004,-0.291,9.938,0.244,0.610,0.183
-0.029,-0.288,9.943,0.305,0.610,0.122
-0.013,-0.286,9.940,0.244,0.610,0.183
0.043,-0.281,9.932,0.244,0.549,0.122
0.103,-0.293,9.934,0.183,0.610,0.183
0.121,-0.285,9.935,0.244,0.610,0.183
0.062,-0.271,9.939,0.305,0.549,0.183
-0.004,-0.284,9.938,0.244,0.610,0.183
-0.042,-0.303,9.938,0.244,0.610,0.183
-0.006,-0.292,9.930,0.244,0.549,0.183
0.054,-0.272,9.932,0.244,0.549,0.183
0.102,-0.286,9.935,0.244,0.610,0.183
0.098,-0.283,9.936,0.244,0.610,0.183
0.040,-0.275,9.939,0.244,0.610,0.183
-0.008,-0.284,9.937,0.244,0.549,0.183
-0.017,-0.295,9.938,0.244,0.549,0.183
0.013,-0.277,9.944,0.244,0.549,0.122
0.080,-0.283,9.946,0.244,0.549,0.183
0.110,-0.280,9.938,0.244,0.549,0.183
0.078,-0.276,9.938,0.244,0.549,0.183
0.020,-0.284,9.932,0.305,0.610,0.183
-0.011,-0.299,9.936,0.244,0.549,0.183
0.005,-0.295,9.935,0.244,0.549,0.183
0.030,-0.278,9.949,0.244,0.549,0.183
0.071,-0.293,9.928,0.183,0.549,0.183
0.101,-0.280,9.934,0.244,0.610,0.244
0.071,-0.281,9.933,0.183,0.610,0.122
0.026,-0.274,9.937,0.183,0.549,0.183
-0.003,-0.291,9.935,0.244,0.610,0.183
0.001,-0.284,9.947,0.244,0.549,0.122
0.049,-0.278,9.938,0.183,0.549,0.122
0.077,-0.283,9.931,0.244,0.549,0.183
0.080,-0.291,9.944,0.244,0.549,0.183
0.062,-0.274,9.938,0.183,0.610,0.183
0.019,-0.290,9.938,0.183,0.549,0.183
-0.005,-0.293,9.945,0.183,0.549,0.122
0.002,-0.287,9.940,0.244,0.549,0.183
0.048,-0.289,9.941,0.244,0.610,0.183
0.086,-0.288,9.929,0.244,0.610,0.244
0.086,-0.285,9.929,0.244,0.549,0.183
0.037,-0.276,9.934,0.183,0.610,0.183
0.014,-0.301,9.935,0.244,0.610,0.183
0.017,-0.293,9.944,0.183,0.549,0.183
0.026,-0.277,9.947,0.244,0.549,0.183
0.053,-0.296,9.946,0.244,0.610,0.183
0.056,-0.284,9.933,0.244,0.549,0.183
0.063,-0.307,9.932,0.183,0.488,0.183
0.025,-0.286,9.927,0.244,0.549,0.122
0.019,-0.301,9.936,0.244,0.549,0.183
0.088,-0.263,9.944,0.244,0.610,0.122
0.071,-0.294,9.921,0.183,0.671,0.183
0.007,-0.233,9.944,0.183,0.671,0.183
0.011,-0.312,9.956,0.122,0.610,0.244
0.052,-0.295,9.941,0.183,0.488,0.183
0.034,-0.331,9.931,0.244,0.549,0.183
0.042,-0.276,9.928,0.305,0.549,0.122
0.096,-0.310,9.923,0.305,0.610,0.122
0.029,-0.222,9.946,0.305,0.671,0.122
0.002,-0.271,9.960,0.183,0.549,0.244
0.034,-0.328,9.939,0.122,0.488,0.183
0.055,-0.323,9.929,0.244,0.488,0.183
0.052,-0.285,9.932,0.366,0.549,0.122
0.075,-0.275,9.935,0.366,0.671,0.122
0.019,-0.256,9.958,0.244,0.610,0.244
0.034,-0.291,9.959,0.122,0.427,0.183
0.065,-0.335,9.937,0.183,0.427,0.183
0.019,-0.296,9.916,0.305,0.488,0.183
0.071,-0.264,9.912,0.366,0.610,0.122
0.083,-0.201,9.935,0.366,0.732,0.183
-0.001,-0.233,9.962,0.122,0.732,0.244
0.023,-0.384,9.968,0.000,0.488,0.183
0.054,-0.363,9.929,0.183,0.366,0.183
0.049,-0.233,9.920,0.366,0.427,0.183
0.077,-0.288,9.929,0.305,0.549,0.122
0.077,-0.271,9.922,0.366,0.732,0.122
-0.040,-0.191,9.959,0.305,0.793,0.244
-0.014,-0.323,9.963,0.000,0.549,0.244
0.098,-0.387,9.943,0.122,0.366,0.183
0.089,-0.264,9.917,0.366,0.427,0.183
0.059,-0.243,9.920,0.305,0.610,0.122
0.066,-0.298,9.917,0.244,0.732,0.183
-0.022,-0.191,9.944,0.305,0.793,0.244
-0.025,-0.303,9.979,0.000,0.549,0.183
0.079,-0.427,9.934,0.061,0.366,0.122
0.116,-0.302,9.907,0.488,0.488,0.183
0.069,-0.178,9.931,0.427,0.671,0.122
0.046,-0.291,9.935,0.244,0.671,0.122
-0.055,-0.249,9.947,0.244,0.671,0.244
-0.026,-0.276,9.952,0.061,0.549,0.244
0.106,-0.366,9.952,0.061,0.427,0.183
0.127,-0.335,9.923,0.305,0.488,0.183
0.050,-0.231,9.929,0.366,0.610,0.122
0.048,-0.289,9.938,0.244,0.610,0.122
-0.017,-0.260,9.943,0.305,0.671,0.183
-0.066,-0.237,9.941,0.244,0.610,0.183
0.041,-0.344,9.947,0.061,0.488,0.183
0.180,-0.349,9.936,0.244,0.488,0.122
0.108,-0.217,9.916,0.366,0.549,0.183
0.005,-0.227,9.930,0.183,0.610,0.183
0.001,-0.363,9.945,0.061,0.610,0.122
-0.017,-0.291,9.953,0.305,0.549,0.122
-0.001,-0.245,9.938,0.305,0.549,0.183
0.065,-0.318,9.943,0.183,0.488,0.183
0.145,-0.294,9.940,0.244,0.549,0.183
0.096,-0.235,9.934,0.305,0.610,0.183
0.009,-0.295,9.941,0.183,0.549,0.183
-0.021,-0.333,9.951,0.183,0.549,0.122
-0.013,-0.237,9.942,0.305,0.549,0.183
0.042,-0.279,9.940,0.183,0.549,0.183
0.102,-0.333,9.941,0.183,0.549,0.183
0.122,-0.286,9.939,0.305,0.549,0.183
0.054,-0.232,9.933,0.244,0.610,0.183
0.002,-0.321,9.943,0.183,0.549,0.183
-0.019,-0.309,9.940,0.305,0.610,0.183
-0.004,-0.241,9.934,0.305,0.610,0.183
0.062,-0.279,9.938,0.183,0.549,0.122
0.112,-0.322,9.941,0.183,0.610,0.183
0.090,-0.260,9.934,0.244,0.610,0.183
0.030,-0.251,9.940,0.244,0.549,0.183
-0.001,-0.323,9.949,0.183,0.549,0.183
-0.017,-0.294,9.948,0.305,0.549,0.122
0.003,-0.254,9.937,0.305,0.549,0.183
0.054,-0.296,9.944,0.183,0.549,0.183
0.151,-0.317,9.938,0.183,0.549,0.183
0.093,-0.257,9.931,0.305,0.549,0.183
-0.016,-0.276,9.944,0.183,0.549,0.183
-0.023,-0.314,9.953,0.183,0.610,0.183
0.001,-0.278,9.936,0.244,0.549,0.183
0.050,-0.272,9.929,0.244,0.549,0.183
0.107,-0.291,9.945,0.183,0.549,0.183
0.101,-0.287,9.935,0.305,0.610,0.183
0.030,-0.254,9.935,0.305,0.610,0.183
-0.013,-0.300,9.939,0.183,0.549,0.244
-0.021,-0.291,9.943,0.183,0.549,0.183
0.031,-0.281,9.945,0.244,0.610,0.183
0.118,-0.275,9.937,0.183,0.549,0.183
0.117,-0.305,9.928,0.244,0.549,0.183
0.032,-0.296,9.946,0.305,0.610,0.183
-0.009,-0.281,9.949,0.244,0.610,0.122
0.003,-0.312,9.947,0.244,0.610,0.183
0.008,-0.281,9.943,0.244,0.549,0.183
0.043,-0.278,9.944,0.244,0.549,0.183
0.107,-0.272,9.941,0.183,0.549,0.183
0.098,-0.302,9.940,0.183,0.549,0.183
0.032,-0.278,9.951,0.244,0.549,0.122
-0.017,-0.294,9.938,0.183,0.610,0.183
0.001,-0.286,9.943,0.244,0.549,0.122
0.030,-0.302,9.946,0.244,0.610,0.183
0.076,-0.293,9.944,0.305,0.549,0.183
0.109,-0.281,9.932,0.305,0.549,0.183
0.085,-0.259,9.937,0.244,0.549,0.183
-0.006,-0.281,9.942,0.183,0.610,0.183
-0.060,-0.292,9.941,0.122,0.549,0.183
-0.009,-0.332,9.941,0.183,0.549,0.183
0.100,-0.265,9.931,0.244,0.549,0.183
0.188,-0.287,9.939,0.244,0.549,0.183
0.079,-0.307,9.946,0.305,0.610,0.183
-0.026,-0.278,9.940,0.366,0.671,0.183
-0.053,-0.266,9.949,0.305,0.610,0.183
-0.038,-0.294,9.949,0.122,0.488,0.183
0.047,-0.309,9.943,0.183,0.549,0.183
0.209,-0.255,9.934,0.244,0.549,0.183
0.162,-0.277,9.924,0.244,0.549,0.183
-0.014,-0.292,9.941,0.244,0.610,0.183
-0.065,-0.297,9.941,0.244,0.610,0.183
-0.035,-0.303,9.940,0.244,0.549,0.183
0.022,-0.284,9.941,0.244,0.549,0.183
0.131,-0.288,9.946,0.244,0.488,0.122
0.171,-0.263,9.925,0.183,0.610,0.183
0.044,-0.312,9.929,0.183,0.610,0.183
-0.029,-0.291,9.935,0.244,0.610,0.183
-0.041,-0.282,9.937,0.244,0.549,0.183
-0.011,-0.281,9.944,0.183,0.549,0.183
0.080,-0.308,9.940,0.244,0.549,0.183
0.165,-0.286,9.929,0.305,0.549,0.183
0.090,-0.272,9.947,0.244,0.549,0.183
-0.009,-0.294,9.941,0.244,0.610,0.183
-0.045,-0.289,9.940,0.305,0.549,0.183
-0.014,-0.287,9.940,0.305,0.549,0.183
0.040,-0.256,9.937,0.244,0.549,0.183
0.085,-0.284,9.933,0.122,0.549,0.183
0.103,-0.299,9.941,0.122,0.549,0.122
0.060,-0.294,9.943,0.183,0.549,0.183
0.007,-0.272,9.936,0.244,0.549,0.183
0.011,-0.299,9.933,0.244,0.549,0.183
0.035,-0.289,9.937,0.244,0.549,0.122
0.066,-0.299,9.938,0.244,0.610,0.183
0.093,-0.272,9.927,0.305,0.549,0.183
0.053,-0.279,9.944,0.244,0.549,0.183
-0.001,-0.262,9.942,0.183,0.549,0.183
0.002,-0.304,9.950,0.122,0.610,0.183
0.043,-0.314,9.943,0.183,0.610,0.244
0.069,-0.283,9.933,0.244,0.549,0.183
0.078,-0.271,9.935,0.244,0.549,0.183
0.054,-0.305,9.941,0.305,0.610,0.183
0.032,-0.282,9.937,0.366,0.610,0.183
0.006,-0.260,9.948,0.305,0.610,0.244
-0.007,-0.291,9.930,0.122,0.549,0.183
0.031,-0.336,9.946,0.061,0.549,0.244
0.068,-0.271,9.941,0.244,0.549,0.183
0.101,-0.271,9.940,0.244,0.549,0.122
0.044,-0.292,9.954,0.244,0.610,0.183
0.017,-0.312,9.944,0.244,0.610,0.183
0.025,-0.281,9.938,0.244,0.610,0.183
0.029,-0.278,9.937,0.305,0.610,0.183
0.034,-0.293,9.941,0.244,0.610,0.183
0.081,-0.290,9.940,0.244,0.549,0.122
0.081,-0.257,9.933,0.244,0.549,0.183
0.042,-0.279,9.935,0.244,0.549,0.183
0.008,-0.299,9.930,0.183,0.549,0.183
0.000,-0.279,9.947,0.244,0.549,0.183
0.032,-0.290,9.938,0.244,0.549,0.183
0.060,-0.283,9.947,0.244,0.549,0.122
0.071,-0.286,9.932,0.244,0.610,0.183
0.072,-0.274,9.932,0.244,0.610,0.183
0.049,-0.293,9.936,0.244,0.549,0.183
0.011,-0.274,9.944,0.183,0.610,0.183
0.001,-0.293,9.928,0.183,0.549,0.244
0.025,-0.280,9.932,0.183,0.549,0.183
0.061,-0.291,9.938,0.244,0.549,0.183
0.062,-0.274,9.947,0.244,0.549,0.244
0.056,-0.294,9.934,0.183,0.610,0.183
0.040,-0.285,9.937,0.244,0.610,0.122
0.032,-0.277,9.934,0.305,0.549,0.244
0.021,-0.272,9.940,0.244,0.549,0.183
0.039,-0.305,9.940,0.244,0.549,0.183
0.065,-0.297,9.937,0.305,0.549,0.122
0.071,-0.271,9.932,0.244,0.549,0.183
0.044,-0.280,9.949,0.244,0.549,0.183
0.032,-0.305,9.937,0.183,0.549,0.183
0.020,-0.295,9.938,0.183,0.610,0.183
0.026,-0.268,9.933,0.244,0.610,0.183
0.044,-0.286,9.932,0.183,0.549,0.122
0.064,-0.299,9.938,0.244,0.549,0.183
0.069,-0.280,9.944,0.244,0.549,0.183
0.047,-0.272,9.939,0.244,0.549,0.183
0.024,-0.286,9.934,0.183,0.610,0.183
0.021,-0.306,9.928,0.244,0.549,0.122
0.020,-0.268,9.946,0.305,0.549,0.183
0.076,-0.263,9.932,0.244,0.549,0.244
0.077,-0.269,9.935,0.183,0.549,0.183
0.040,-0.331,9.952,0.122,0.549,0.183
0.018,-0.294,9.946,0.244,0.610,0.122
0.029,-0.284,9.937,0.305,0.549,0.183
0.032,-0.271,9.946,0.305,0.549,0.183
0.054,-0.278,9.941,0.244,0.549,0.183
0.069,-0.265,9.937,0.183,0.610,0.183
0.050,-0.285,9.938,0.183,0.549,0.183
0.019,-0.321,9.930,0.183,0.549,0.183
0.017,-0.289,9.931,0.244,0.610,0.183
0.054,-0.280,9.940,0.305,0.610,0.183
0.062,-0.254,9.942,0.305,0.549,0.183
0.053,-0.256,9.944,0.183,0.549,0.183
0.037,-0.290,9.945,0.122,0.610,0.183
0.032,-0.314,9.939,0.122,0.549,0.183
0.045,-0.302,9.940,0.305,0.549,0.244
0.048,-0.255,9.941,0.244,0.549,0.183
0.047,-0.301,9.940,0.244,0.610,0.122
0.050,-0.282,9.934,0.244,0.610,0.183
0.044,-0.286,9.932,0.244,0.610,0.183
0.017,-0.277,9.939,0.244,0.610,0.183
0.016,-0.298,9.940,0.244,0.549,0.183
0.041,-0.281,9.941,0.244,0.549,0.122
0.054,-0.277,9.938,0.244,0.549,0.183
0.053,-0.305,9.946,0.183,0.549,0.183
0.052,-0.303,9.946,0.244,0.549,0.183
0.038,-0.278,9.938,0.244,0.549,0.183
0.029,-0.284,9.941,0.244,0.549,0.244
0.021,-0.306,9.928,0.244,0.549,0.183
0.038,-0.281,9.941,0.244,0.549,0.122
0.066,-0.269,9.941,0.244,0.549,0.183
0.066,-0.293,9.943,0.244,0.549,0.183
0.044,-0.275,9.951,0.305,0.549,0.183
0.035,-0.274,9.947,0.244,0.549,0.183
0.029,-0.271,9.935,0.183,0.610,0.122
0.010,-0.307,9.937,0.183,0.549,0.244
0.019,-0.302,9.945,0.244,0.549,0.183
0.059,-0.293,9.941,0.305,0.549,0.183
0.087,-0.283,9.956,0.305,0.610,0.183
0.059,-0.268,9.951,0.305,0.549,0.183
0.027,-0.261,9.937,0.183,0.549,0.183
0.008,-0.315,9.938,0.122,0.549,0.183
0.010,-0.306,9.936,0.183,0.549,0.183
0.035,-0.278,9.941,0.244,0.549,0.183
0.078,-0.303,9.934,0.305,0.549,0.183
0.090,-0.287,9.940,0.305,0.549,0.183
0.057,-0.260,9.940,0.244,0.549,0.244
-0.003,-0.284,9.940,0.061,0.549,0.183
-0.010,-0.356,9.938,0.183,0.549,0.183
0.047,-0.300,9.928,0.305,0.610,0.183
0.091,-0.262,9.916,0.366,0.610,0.183
0.096,-0.266,9.934,0.305,0.549,0.183
0.028,-0.272,9.937,0.183,0.549,0.244
-0.006,-0.302,9.935,0.122,0.549,0.183
-0.004,-0.314,9.944,0.183,0.549,0.122
0.045,-0.296,9.939,0.366,0.549,0.244
0.095,-0.265,9.944,0.366,0.549,0.183
0.085,-0.237,9.941,0.244,0.610,0.183
0.043,-0.284,9.933,0.122,0.610,0.244
-0.019,-0.321,9.940,0.122,0.549,0.183
-0.017,-0.335,9.949,0.305,0.549,0.183
0.048,-0.275,9.941,0.366,0.610,0.183
0.090,-0.246,9.933,0.305,0.610,0.122
0.088,-0.247,9.937,0.183,0.549,0.183
0.026,-0.311,9.942,0.061,0.549,0.183
0.009,-0.330,9.941,0.244,0.549,0.183
0.023,-0.306,9.925,0.427,0.610,0.183
0.023,-0.204,9.944,0.366,0.610,0.183
0.053,-0.276,9.934,0.061,0.488,0.244
0.060,-0.345,9.935,0.061,0.549,0.183
0.086,-0.336,9.931,0.305,0.610,0.244
0.063,-0.254,9.932,0.427,0.610,0.183
0.005,-0.218,9.945,0.305,0.610,0.122
0.013,-0.297,9.934,0.122,0.549,0.183
0.034,-0.319,9.944,0.183,0.549,0.183
0.041,-0.317,9.941,0.244,0.549,0.122
0.081,-0.249,9.937,0.305,0.549,0.183
0.093,-0.268,9.928,0.244,0.549,0.183
0.063,-0.281,9.933,0.183,0.549,0.183
0.023,-0.314,9.934,0.183,0.610,0.183
-0.001,-0.290,9.939,0.244,0.610,0.183
0.014,-0.263,9.953,0.305,0.549,0.183
0.041,-0.281,9.940,0.244,0.549,0.183
0.074,-0.309,9.944,0.244,0.549,0.183
0.083,-0.290,9.944,0.244,0.549,0.244
0.050,-0.287,9.947,0.244,0.549,0.183
0.008,-0.289,9.946,0.244,0.610,0.183
-0.001,-0.281,9.943,0.244,0.549,0.183
0.023,-0.300,9.942,0.183,0.549,0.183
0.059,-0.299,9.943,0.183,0.549,0.244
0.081,-0.285,9.940,0.244,0.549,0.183
0.058,-0.269,9.937,0.244,0.549,0.183
0.042,-0.278,9.943,0.183,0.610,0.183
0.029,-0.296,9.938,0.244,0.549,0.244
0.008,-0.283,9.941,0.183,0.549,0.183
0.028,-0.266,9.945,0.244,0.610,0.183
0.067,-0.286,9.932,0.183,0.549,0.183
0.083,-0.303,9.938,0.183,0.549,0.183
0.053,-0.291,9.950,0.244,0.610,0.183
0.031,-0.280,9.935,0.244,0.610,0.183
0.008,-0.272,9.938,0.244,0.549,0.122
0.016,-0.302,9.940,0.244,0.549,0.183
0.038,-0.290,9.928,0.244,0.610,0.183
0.060,-0.272,9.948,0.244,0.610,0.183
0.085,-0.248,9.935,0.183,0.610,0.183
0.045,-0.291,9.944,0.122,0.549,0.183
0.023,-0.332,9.940,0.244,0.549,0.183
0.034,-0.301,9.944,0.366,0.610,0.183
0.047,-0.235,9.932,0.366,0.610,0.183
0.075,-0.278,9.944,0.244,0.549,0.183
0.063,-0.289,9.935,0.183,0.549,0.183
0.026,-0.301,9.941,0.183,0.549,0.244
0.003,-0.299,9.934,0.244,0.610,0.122
0.018,-0.314,9.939,0.305,0.610,0.122
0.050,-0.248,9.938,0.305,0.549,0.183
0.087,-0.239,9.949,0.183,0.549,0.183
0.096,-0.306,9.937,0.061,0.549,0.244
0.032,-0.317,9.943,0.183,0.610,0.183
0.004,-0.306,9.947,0.305,0.610,0.183
-0.017,-0.259,9.944,0.366,0.610,0.122
0.023,-0.285,9.941,0.244,0.549,0.183
0.110,-0.262,9.944,0.244,0.549,0.183
0.114,-0.275,9.940,0.122,0.549,0.244
0.041,-0.291,9.935,0.122,0.549,0.183
-0.015,-0.315,9.941,0.183,0.549,0.183
-0.025,-0.290,9.955,0.244,0.549,0.183
0.023,-0.294,9.943,0.305,0.549,0.183
0.086,-0.260,9.950,0.305,0.549,0.122
0.144,-0.262,9.949,0.244,0.549,0.183
0.062,-0.283,9.939,0.183,0.549,0.183
-0.017,-0.309,9.944,0.183,0.549,0.244
-0.031,-0.289,9.937,0.244,0.549,0.244
-0.001,-0.280,9.932,0.305,0.549,0.122
0.065,-0.289,9.935,0.305,0.549,0.122
0.162,-0.265,9.944,0.244,0.549,0.183
0.095,-0.242,9.931,0.183,0.549,0.183
-0.008,-0.317,9.946,0.061,0.549,0.183
-0.050,-0.333,9.941,0.183,0.610,0.122
-0.031,-0.311,9.937,0.366,0.610,0.183
0.041,-0.238,9.947,0.427,0.549,0.122
0.181,-0.264,9.954,0.244,0.549,0.244
0.143,-0.249,9.929,0.122,0.549,0.244
0.001,-0.344,9.947,0.122,0.549,0.244
-0.067,-0.299,9.941,0.244,0.610,0.183
-0.044,-0.280,9.948,0.305,0.610,0.183
0.010,-0.283,9.950,0.183,0.549,0.183
0.117,-0.296,9.956,0.244,0.549,0.183
0.189,-0.281,9.927,0.305,0.549,0.183
0.071,-0.255,9.931,0.244,0.610,0.183
-0.045,-0.307,9.943,0.244,0.549,0.183
-0.069,-0.279,9.938,0.244,0.549,0.244
-0.014,-0.288,9.948,0.244,0.549,0.244
0.081,-0.268,9.946,0.244,0.549,0.183
0.181,-0.290,9.946,0.183,0.549,0.122
0.116,-0.277,9.950,0.244,0.549,0.183
0.004,-0.286,9.932,0.244,0.610,0.183
-0.041,-0.277,9.944,0.244,0.549,0.244
-0.039,-0.285,9.940,0.183,0.549,0.244
0.021,-0.299,9.938,0.183,0.549,0.183
0.120,-0.293,9.936,0.305,0.549,0.122
0.162,-0.257,9.933,0.244,0.549,0.183
0.054,-0.283,9.941,0.244,0.549,0.183
-0.028,-0.302,9.940,0.183,0.610,0.183
-0.040,-0.351,9.935,0.244,0.610,0.183
0.010,-0.318,9.934,0.427,0.610,0.061
0.089,-0.297,9.937,0.610,0.610,0.061
0.145,-0.205,9.949,0.549,0.671,0.061
0.077,-0.189,9.941,0.427,0.610,0.122
0.003,-0.260,9.940,0.183,0.549,0.244
-0.050,-0.324,9.938,0.122,0.549,0.183
-0.032,-0.305,9.953,0.183,0.549,0.244
0.022,-0.223,9.935,0.183,0.549,0.183
0.120,-0.327,9.923,0.122,0.549,0.183
0.168,-0.376,9.953,0.305,0.549,0.061
0.070,-0.212,9.954,0.488,0.610,0.122
-0.017,-0.169,9.949,0.244,0.610,0.183
-0.060,-0.296,9.956,0.000,0.488,0.244
-0.045,-0.339,9.935,0.122,0.549,0.305
0.034,-0.272,9.923,0.183,0.549,0.244
0.183,-0.405,9.916,0.183,0.549,0.183
0.208,-0.290,9.954,0.549,0.671,0.000
0.018,-0.117,9.961,0.549,0.671,0.183
-0.093,-0.147,9.943,0.000,0.549,0.244
-0.090,-0.487,9.939,-0.244,0.488,0.305
-0.038,-0.357,9.941,0.305,0.549,0.183
0.094,-0.169,9.933,0.427,0.549,0.183
0.248,-0.275,9.917,0.061,0.549,0.183
0.158,-0.359,9.941,0.061,0.549,0.244
-0.050,-0.280,9.946,0.305,0.610,0.244
-0.096,-0.232,9.938,0.244,0.610,0.183
-0.059,-0.336,9.953,0.122,0.549,0.183
0.018,-0.265,9.933,0.244,0.549,0.244
0.174,-0.234,9.945,0.183,0.549,0.244
0.189,-0.277,9.922,0.122,0.549,0.244
0.021,-0.363,9.919,0.183,0.610,0.305
-0.074,-0.225,9.936,0.305,0.610,0.122
-0.062,-0.297,9.940,0.183,0.549,0.183
0.002,-0.305,9.949,0.183,0.488,0.183
0.097,-0.296,9.940,0.244,0.488,0.183
0.179,-0.227,9.931,0.244,0.549,0.183
0.098,-0.347,9.931,0.183,0.610,0.183
-0.016,-0.277,9.935,0.366,0.610,0.183
-0.066,-0.227,9.940,0.366,0.610,0.122
-0.037,-0.293,9.936,0.122,0.549,0.183
0.060,-0.347,9.946,0.183,0.488,0.183
0.151,-0.256,9.944,0.305,0.549,0.183
0.127,-0.228,9.944,0.244,0.549,0.183
0.029,-0.329,9.951,0.122,0.549,0.244
-0.011,-0.327,9.951,0.305,0.610,0.244
-0.025,-0.248,9.941,0.366,0.610,0.183
-0.004,-0.271,9.943,0.244,0.549,0.183
0.066,-0.323,9.945,0.183,0.549,0.183
0.163,-0.258,9.935,0.305,0.549,0.183
0.117,-0.259,9.937,0.244,0.549,0.183
-0.002,-0.307,9.941,0.244,0.549,0.183
-0.043,-0.312,9.935,0.244,0.610,0.183
-0.021,-0.262,9.935,0.244,0.610,0.183
0.049,-0.302,9.937,0.244,0.549,0.183
0.106,-0.308,9.941,0.305,0.549,0.183
0.114,-0.266,9.941,0.305,0.610,0.183
0.068,-0.249,9.944,0.305,0.549,0.244
0.013,-0.289,9.932,0.244,0.549,0.183
-0.032,-0.300,9.944,0.183,0.549,0.183
-0.022,-0.283,9.943,0.183,0.549,0.122
0.063,-0.285,9.931,0.183,0.549,0.183
0.133,-0.283,9.944,0.183,0.549,0.122
0.108,-0.292,9.940,0.244,0.549,0.183
0.025,-0.289,9.944,0.244,0.610,0.183
-0.014,-0.279,9.949,0.244,0.610,0.183
-0.003,-0.277,9.938,0.244,0.610,0.183
0.014,-0.269,9.942,0.244,0.549,0.183
0.065,-0.287,9.945,0.244,0.549,0.183
0.114,-0.280,9.939,0.244,0.610,0.183
0.083,-0.269,9.940,0.183,0.549,0.183
0.018,-0.314,9.950,0.183,0.549,0.183
-0.009,-0.303,9.951,0.305,0.549,0.183
-0.007,-0.271,9.925,0.305,0.549,0.183
0.037,-0.261,9.942,0.244,0.549,0.183
0.092,-0.301,9.942,0.183,0.549,0.183
0.111,-0.283,9.934,0.305,0.549,0.183
0.057,-0.271,9.943,0.244,0.610,0.244
0.010,-0.271,9.937,0.244,0.610,0.183
-0.007,-0.311,9.935,0.183,0.549,0.183
0.007,-0.302,9.939,0.244,0.549,0.244
0.055,-0.277,9.941,0.244,0.549,0.244
0.100,-0.290,9.938,0.244,0.549,0.183
0.089,-0.294,9.949,0.244,0.610,0.183
0.045,-0.282,9.934,0.244,0.610,0.183
0.008,-0.278,9.944,0.244,0.549,0.183
-0.008,-0.293,9.948,0.244,0.549,0.183
0.014,-0.283,9.938,0.244,0.549,0.122
0.058,-0.286,9.940,0.183,0.549,0.244
0.093,-0.284,9.943,0.183,0.610,0.183
0.078,-0.291,9.945,0.244,0.549,0.183
0.028,-0.286,9.940,0.244,0.610,0.122
0.011,-0.284,9.931,0.244,0.610,0.183
0.004,-0.288,9.928,0.244,0.610,0.183
0.020,-0.290,9.938,0.244,0.549,0.183
0.059,-0.290,9.946,0.183,0.549,0.183
0.079,-0.290,9.941,0.183,0.549,0.183
0.069,-0.287,9.928,0.244,0.549,0.183
0.035,-0.297,9.938,0.244,0.610,0.183
0.005,-0.306,9.935,0.244,0.549,0.244
0.009,-0.289,9.944,0.244,0.549,0.183
0.037,-0.286,9.945,0.305,0.549,0.183
0.061,-0.283,9.947,0.244,0.549,0.183
0.069,-0.291,9.933,0.244,0.610,0.183
0.065,-0.280,9.937,0.244,0.549,0.183
0.037,-0.281,9.934,0.244,0.610,0.183
0.003,-0.293,9.937,0.183,0.549,0.183
0.008,-0.293,9.947,0.244,0.549,0.183
0.038,-0.288,9.938,0.305,0.549,0.183
0.067,-0.287,9.938,0.244,0.549,0.183
0.075,-0.286,9.930,0.244,0.549,0.122
0.059,-0.279,9.939,0.244,0.610,0.122
0.032,-0.275,9.934,0.244,0.549,0.122
0.008,-0.286,9.934,0.244,0.549,0.244
0.025,-0.285,9.944,0.244,0.549,0.183
0.043,-0.286,9.934,0.244,0.549,0.183
0.068,-0.293,9.950,0.244,0.549,0.183
0.071,-0.284,9.947,0.183,0.549,0.183
0.051,-0.287,9.945,0.244,0.549,0.122
0.019,-0.279,9.941,0.244,0.549,0.183
0.011,-0.290,9.931,0.183,0.549,0.183
0.013,-0.291,9.940,0.244,0.549,0.183
0.045,-0.287,9.935,0.244,0.549,0.183
0.065,-0.286,9.941,0.244,0.549,0.183
0.063,-0.277,9.918,0.244,0.549,0.183
0.034,-0.289,9.935,0.244,0.549,0.183
0.021,-0.297,9.943,0.244,0.610,0.183
0.004,-0.288,9.947,0.244,0.549,0.183
0.023,-0.281,9.937,0.244,0.549,0.183
0.054,-0.284,9.931,0.244,0.610,0.183
0.057,-0.287,9.932,0.244,0.549,0.183
0.068,-0.281,9.947,0.244,0.610,0.183
0.044,-0.284,9.942,0.244,0.610,0.183
0.025,-0.287,9.946,0.244,0.610,0.183
0.018,-0.294,9.940,0.183,0.610,0.183
0.030,-0.288,9.950,0.244,0.549,0.183
0.050,-0.284,9.932,0.244,0.549,0.183
0.067,-0.290,9.929,0.244,0.549,0.183
0.060,-0.290,9.941,0.244,0.549,0.183
0.046,-0.285,9.942,0.244,0.610,0.183
0.028,-0.286,9.941,0.183,0.549,0.183
0.014,-0.294,9.943,0.244,0.549,0.183
0.039,-0.293,9.945,0.244,0.549,0.183
0.062,-0.297,9.931,0.244,0.549,0.183
0.057,-0.295,9.933,0.244,0.549,0.183
0.042,-0.291,9.944,0.244,0.610,0.183
0.035,-0.288,9.950,0.244,0.610,0.183
0.024,-0.294,9.935,0.244,0.610,0.122
0.016,-0.281,9.940,0.244,0.610,0.183
0.040,-0.280,9.941,0.244,0.549,0.183
0.061,-0.271,9.943,0.183,0.549,0.183
0.066,-0.285,9.934,0.244,0.549,0.183
0.055,-0.291,9.937,0.244,0.549,0.122
0.032,-0.297,9.934,0.244,0.549,0.183
0.022,-0.287,9.939,0.244,0.610,0.183
0.038,-0.287,9.941,0.305,0.549,0.244
0.048,-0.289,9.943,0.305,0.549,0.183
0.057,-0.284,9.937,0.244,0.549,0.183
0.057,-0.294,9.929,0.183,0.610,0.183
0.045,-0.299,9.928,0.244,0.610,0.183
0.035,-0.305,9.947,0.305,0.549,0.183
0.023,-0.248,9.936,0.305,0.549,0.244
0.016,-0.280,9.937,0.244,0.549,0.183
0.038,-0.341,9.947,0.183,0.549,0.183
0.062,-0.283,9.935,0.366,0.549,0.183
0.075,-0.277,9.941,0.305,0.610,0.183
0.063,-0.311,9.948,0.244,0.610,0.122
0.040,-0.294,9.939,0.305,0.671,0.122
0.029,-0.247,9.930,0.305,0.610,0.122
0.010,-0.303,9.955,0.305,0.549,0.122
0.001,-0.271,9.950,0.305,0.549,0.183
0.023,-0.244,9.934,0.305,0.610,0.183
0.053,-0.257,9.949,0.183,0.549,0.183
0.042,-0.299,9.948,0.122,0.549,0.183
0.039,-0.240,9.957,0.122,0.549,0.183
0.041,-0.323,9.921,0.061,0.549,0.244
0.060,-0.356,9.938,0.122,0.488,0.183
0.063,-0.284,9.928,0.305,0.549,0.183
0.058,-0.214,9.943,0.244,0.549,0.183
0.060,-0.400,9.914,0.122,0.610,0.183
0.045,-0.375,9.957,0.549,0.610,0.061
0.027,-0.148,9.953,0.671,0.671,0.183
0.010,-0.121,9.947,0.244,0.549,0.183
-0.008,-0.293,9.959,-0.122,0.488,0.244
0.019,-0.398,9.902,-0.061,0.488,0.305
0.068,-0.349,9.944,0.244,0.549,0.183
0.119,-0.267,9.935,0.366,0.549,0.183
0.095,-0.202,9.929,0.244,0.549,0.122
0.050,-0.438,9.925,0.183,0.671,0.122
0.037,-0.372,9.959,0.549,0.671,0.061
0.015,-0.144,9.941,0.732,0.671,0.183
-0.010,-0.143,9.954,0.244,0.549,0.122
0.001,-0.372,9.936,0.061,0.549,0.183
0.047,-0.322,9.947,0.244,0.549,0.244
0.056,-0.146,9.927,0.244,0.549,0.244
0.054,-0.289,9.931,-0.061,0.488,0.244
0.035,-0.382,9.928,-0.061,0.488,0.183
0.053,-0.339,9.937,0.183,0.549,0.244
0.068,-0.234,9.944,0.305,0.549,0.183
0.049,-0.311,9.946,0.244,0.549,0.183
0.009,-0.276,9.946,0.305,0.610,0.122
0.022,-0.287,9.947,0.305,0.610,0.244
0.051,-0.265,9.931,0.305,0.610,0.183
0.047,-0.298,9.947,0.244,0.549,0.183
0.032,-0.269,9.940,0.183,0.549,0.122
0.063,-0.306,9.941,0.183,0.549,0.244
0.079,-0.270,9.949,0.244,0.549,0.244
0.045,-0.278,9.946,0.244,0.610,0.183
0.017,-0.372,9.929,0.244,0.610,0.122
0.042,-0.329,9.946,0.427,0.610,0.061
0.065,-0.215,9.943,0.549,0.610,0.183
0.041,-0.202,9.952,0.305,0.549,0.122
0.034,-0.327,9.956,0.122,0.610,0.183
0.026,-0.273,9.964,0.183,0.549,0.244
0.039,-0.248,9.925,0.122,0.488,0.305
0.046,-0.342,9.936,0.061,0.488,0.122
0.055,-0.345,9.945,0.305,0.610,0.122
0.055,-0.205,9.927,0.366,0.610,0.122
0.068,-0.384,9.893,0.244,0.610,0.183
0.060,-0.391,9.962,0.488,0.610,0.000
0.028,-0.188,9.938,0.732,0.671,0.122
0.000,-0.111,9.945,0.366,0.549,0.122
0.004,-0.341,9.960,0.000,0.610,0.244
-0.029,-0.286,9.957,0.122,0.549,0.244
0.017,-0.172,9.944,0.061,0.488,0.305
0.101,-0.345,9.908,-0.183,0.488,0.244
0.138,-0.424,9.937,0.061,0.549,0.183
0.060,-0.250,9.944,0.427,0.610,0.183
0.019,-0.281,9.893,0.305,0.610,0.183
0.027,-0.454,9.962,0.366,0.610,0.000
-0.007,-0.189,9.957,0.793,0.671,0.122
-0.005,-0.045,9.936,0.427,0.610,0.122
0.069,-0.381,9.951,-0.122,0.549,0.183
0.072,-0.296,9.974,0.183,0.549,0.183
0.036,-0.107,9.907,0.183,0.549,0.366
0.026,-0.367,9.917,-0.305,0.488,0.244
0.054,-0.530,9.953,0.061,0.549,0.244
0.057,-0.133,9.938,0.610,0.549,0.244
0.054,-0.178,9.893,0.183,0.549,0.183
0.084,-0.602,9.948,0.061,0.549,0.061
0.051,-0.315,9.947,0.915,0.671,0.061
0.008,0.047,9.932,0.854,0.671,0.183
0.010,-0.230,9.939,-0.122,0.549,0.183
0.016,-0.527,9.955,-0.061,0.488,0.183
0.004,-0.129,9.953,0.549,0.610,0.183
0.075,-0.085,9.931,0.061,0.488,0.305
0.105,-0.432,9.919,-0.427,0.488,0.244
0.051,-0.453,9.938,0.122,0.549,0.183
0.019,-0.195,9.928,0.488,0.610,0.183
0.048,-0.266,9.938,0.244,0.549,0.183
0.040,-0.372,9.937,0.244,0.610,0.183
0.002,-0.207,9.935,0.366,0.549,0.183
0.050,-0.320,9.903,0.122,0.610,0.244
0.123,-0.462,9.963,0.366,0.610,0.061
0.077,-0.175,9.954,0.793,0.732,0.122
-0.021,0.008,9.938,0.366,0.549,0.183
-0.012,-0.341,9.964,-0.366,0.549,0.305
0.028,-0.473,9.927,-0.122,0.488,0.305
0.022,-0.281,9.911,0.366,0.549,0.244
0.076,-0.209,9.937,0.305,0.488,0.183
0.132,-0.348,9.929,0.122,0.610,0.183
0.078,-0.362,9.911,0.305,0.610,0.183
0.001,-0.283,9.956,0.549,0.671,0.061
-0.026,-0.213,9.956,0.488,0.610,0.122
-0.004,-0.192,9.935,0.244,0.549,0.183
0.026,-0.232,9.957,0.000,0.549,0.244
0.065,-0.306,9.917,-0.061,0.488,0.305
0.098,-0.423,9.924,0.122,0.549,0.183
0.095,-0.277,9.941,0.366,0.549,0.122
0.034,-0.259,9.880,0.305,0.671,0.183
-0.002,-0.366,9.970,0.305,0.549,0.000
-0.006,-0.269,9.978,0.610,0.671,0.183
0.027,0.065,9.953,0.366,0.488,0.244
0.056,-0.418,9.893,-0.427,0.488,0.366
0.057,-0.554,9.962,0.000,0.488,0.122
0.063,-0.357,9.892,0.671,0.671,0.244
0.064,-0.057,9.960,0.671,0.549,-0.061
0.026,-0.269,9.962,0.244,0.610,0.183
-0.005,-0.174,9.951,0.122,0.488,0.183
0.029,-0.339,9.925,-0.122,0.549,0.366
0.062,-0.372,9.934,0.000,0.488,0.122
0.065,-0.357,9.936,0.305,0.610,0.183
0.029,-0.134,9.935,0.366,0.549,0.183
0.060,-0.426,9.917,0.122,0.610,0.122
0.065,-0.325,9.992,0.427,0.549,0.061
0.024,-0.098,9.923,0.549,0.671,0.183
0.008,-0.156,9.960,-0.061,0.488,0.183
0.018,-0.493,9.928,-0.183,0.488,0.244
0.048,-0.366,9.935,0.305,0.549,0.305
0.050,-0.168,9.925,0.427,0.610,0.183
0.071,-0.299,9.951,0.061,0.549,0.244
0.056,-0.338,9.937,0.183,0.549,0.122
0.038,-0.278,9.944,0.305,0.610,0.183
0.031,-0.236,9.937,0.244,0.610,0.122
0.040,-0.375,9.947,0.183,0.610,0.244
0.032,-0.252,9.955,0.305,0.549,0.122
0.056,-0.265,9.935,0.244,0.610,0.183
0.080,-0.297,9.935,0.183,0.549,0.183
0.063,-0.324,9.929,0.244,0.549,0.122
0.014,-0.251,9.932,0.305,0.549,0.122
0.025,-0.302,9.948,0.183,0.549,0.183
0.039,-0.342,9.942,0.183,0.549,0.244
0.034,-0.239,9.928,0.305,0.610,0.183
0.053,-0.268,9.938,0.183,0.549,0.183
0.072,-0.331,9.931,0.244,0.610,0.183
0.075,-0.405,9.919,0.366,0.610,0.183
0.062,-0.262,9.940,0.610,0.671,0.000
0.053,-0.217,9.955,0.610,0.671,0.122
0.025,-0.173,9.956,0.366,0.610,0.122
-0.022,-0.281,9.958,0.183,0.549,0.183
-0.048,-0.230,9.947,0.061,0.488,0.244
0.013,-0.271,9.948,-0.061,0.427,0.305
0.079,-0.314,9.922,-0.122,0.488,0.305
0.139,-0.394,9.932,0.000,0.488,0.244
0.119,-0.283,9.926,0.244,0.549,0.183
0.041,-0.237,9.931,0.305,0.549,0.244
-0.011,-0.284,9.946,0.183,0.549,0.183
-0.041,-0.339,9.950,0.244,0.549,0.183
-0.022,-0.297,9.909,0.305,0.610,0.244
0.083,-0.330,9.948,0.366,0.610,0.061
0.157,-0.266,9.934,0.427,0.610,0.122
0.090,-0.198,9.930,0.366,0.610,0.183
0.014,-0.343,9.949,0.244,0.610,0.122
-0.029,-0.336,9.968,0.427,0.610,0.061
-0.040,-0.201,9.943,0.488,0.610,0.183
-0.007,-0.200,9.937,0.244,0.488,0.122
0.054,-0.365,9.946,0.122,0.549,0.183
0.091,-0.214,9.946,0.244,0.549,0.244
0.072,-0.201,9.928,0.061,0.549,0.244
0.041,-0.332,9.946,-0.122,0.488,0.244
0.011,-0.402,9.930,0.061,0.549,0.244
0.017,-0.256,9.950,0.305,0.549,0.183
0.051,-0.269,9.928,0.244,0.549,0.183
0.070,-0.315,9.932,0.122,0.549,0.183
0.055,-0.316,9.934,0.244,0.549,0.183
0.054,-0.314,9.920,0.366,0.610,0.183
0.077,-0.391,9.936,0.488,0.671,0.061
0.056,-0.214,9.962,0.732,0.671,0.061
0.005,-0.114,9.940,0.488,0.671,0.061
-0.008,-0.297,9.951,0.061,0.610,0.183
0.017,-0.388,9.932,0.183,0.610,0.183
0.026,-0.194,9.941,0.366,0.610,0.183
0.050,-0.230,9.946,0.183,0.549,0.183
0.076,-0.350,9.946,0.061,0.549,0.183
0.063,-0.277,9.937,0.244,0.549,0.244
0.023,-0.227,9.932,0.183,0.610,0.244
0.011,-0.318,9.956,0.061,0.488,0.244
0.021,-0.290,9.940,0.183,0.549,0.183
0.016,-0.219,9.926,0.122,0.549,0.183
0.059,-0.325,9.922,0.000,0.549,0.244
0.096,-0.372,9.936,0.061,0.488,0.244
0.089,-0.271,9.937,0.305,0.549,0.183
0.045,-0.244,9.942,0.244,0.549,0.183
0.013,-0.338,9.938,0.183,0.610,0.183
0.005,-0.287,9.937,0.305,0.549,0.122
0.015,-0.241,9.936,0.305,0.610,0.183
0.049,-0.299,9.947,0.183,0.549,0.244
0.080,-0.317,9.939,0.244,0.549,0.183
0.060,-0.254,9.933,0.244,0.549,0.122
0.041,-0.250,9.933,0.183,0.549,0.122
0.036,-0.344,9.948,0.183,0.610,0.183
0.004,-0.276,9.948,0.244,0.549,0.183
0.019,-0.260,9.930,0.305,0.610,0.183
0.060,-0.327,9.940,0.244,0.610,0.183
0.093,-0.380,9.939,0.366,0.610,0.122
0.091,-0.251,9.943,0.610,0.671,0.061
0.062,-0.172,9.960,0.488,0.671,0.122
0.007,-0.257,9.939,0.183,0.610,0.183
-0.039,-0.345,9.941,0.122,0.549,0.183
-0.037,-0.302,9.941,0.305,0.610,0.183
0.053,-0.236,9.942,0.305,0.549,0.183
0.098,-0.253,9.954,0.183,0.549,0.183
0.073,-0.244,9.958,0.183,0.488,0.244
0.031,-0.250,9.942,-0.061,0.549,0.305
0.031,-0.402,9.918,-0.122,0.549,0.244
0.025,-0.367,9.952,0.244,0.610,0.183
0.035,-0.204,9.931,0.427,0.549,0.183
0.063,-0.263,9.921,0.183,0.549,0.183
0.082,-0.340,9.941,0.183,0.549,0.183
0.059,-0.272,9.924,0.305,0.610,0.244
0.008,-0.223,9.943,0.244,0.610,0.122
0.010,-0.377,9.938,0.183,0.549,0.244
0.034,-0.346,9.891,0.305,0.549,0.122
0.077,-0.289,9.956,0.488,0.610,0.061
0.093,-0.193,9.944,0.488,0.610,0.122
0.069,-0.245,9.937,0.244,0.549,0.183
0.019,-0.315,9.951,0.183,0.549,0.183
-0.029,-0.321,9.935,0.244,0.610,0.183
-0.014,-0.309,9.931,0.305,0.610,0.183
0.040,-0.215,9.950,0.244,0.549,0.122
0.072,-0.192,9.943,0.122,0.549,0.244
0.083,-0.238,9.953,-0.122,0.488,0.305
0.068,-0.440,9.897,-0.183,0.549,0.305
0.031,-0.341,9.953,0.244,0.549,0.122
0.011,-0.227,9.935,0.366,0.610,0.183
0.029,-0.225,9.940,0.183,0.549,0.122
0.056,-0.414,9.938,0.122,0.549,0.244
0.058,-0.339,9.926,0.427,0.610,0.122
0.074,-0.248,9.951,0.610,0.671,0.061
0.080,-0.210,9.948,0.488,0.610,0.061
0.030,-0.237,9.942,0.244,0.610,0.122
-0.023,-0.278,9.930,0.183,0.549,0.183
-0.023,-0.335,9.940,0.183,0.549,0.244
0.029,-0.309,9.931,0.244,0.610,0.183
0.087,-0.244,9.948,0.305,0.549,0.183
0.099,-0.250,9.954,0.183,0.549,0.183
0.065,-0.227,9.950,0.122,0.549,0.244
0.023,-0.297,9.928,0.000,0.549,0.305
-0.008,-0.358,9.919,0.000,0.549,0.183
0.011,-0.373,9.941,0.244,0.549,0.183
0.070,-0.278,9.928,0.427,0.610,0.122
0.125,-0.263,9.940,0.427,0.610,0.061
0.087,-0.266,9.959,0.366,0.610,0.122
0.016,-0.198,9.962,0.305,0.610,0.244
-0.037,-0.236,9.943,0.061,0.549,0.305
-0.043,-0.351,9.927,-0.061,0.488,0.244
0.007,-0.376,9.937,0.122,0.549,0.244
0.113,-0.281,9.928,0.366,0.610,0.183
0.193,-0.277,9.934,0.366,0.610,0.122
0.064,-0.275,9.956,0.305,0.610,0.122
-0.041,-0.278,9.950,0.305,0.610,0.183
-0.047,-0.300,9.931,0.305,0.610,0.183
-0.011,-0.324,9.948,0.366,0.610,0.122
0.041,-0.231,9.946,0.305,0.549,0.183
0.101,-0.266,9.944,0.183,0.549,0.244
0.136,-0.283,9.938,0.244,0.549,0.183
0.065,-0.259,9.944,0.183,0.549,0.244
-0.030,-0.214,9.947,0.122,0.549,0.183
-0.053,-0.329,9.935,-0.061,0.549,0.305
0.006,-0.395,9.930,0.061,0.549,0.244
0.102,-0.308,9.949,0.305,0.549,0.183
0.153,-0.225,9.929,0.427,0.549,0.122
0.091,-0.270,9.932,0.183,0.549,0.183
0.012,-0.413,9.940,0.244,0.610,0.183
-0.022,-0.251,9.960,0.488,0.671,0.061
-0.020,-0.192,9.930,0.366,0.610,0.183
0.016,-0.252,9.941,0.061,0.488,0.183
0.060,-0.341,9.944,0.061,0.488,0.244
0.129,-0.281,9.929,0.183,0.549,0.244
0.095,-0.303,9.917,0.183,0.610,0.244
0.013,-0.355,9.942,0.244,0.610,0.183
-0.029,-0.261,9.933,0.488,0.610,0.061
0.008,-0.243,9.956,0.427,0.610,0.122
0.053,-0.226,9.951,0.305,0.610,0.122
0.067,-0.278,9.941,0.244,0.610,0.244
0.068,-0.273,9.933,0.122,0.610,0.183
0.077,-0.330,9.934,0.183,0.549,0.183
0.042,-0.305,9.922,0.305,0.549,0.183
0.018,-0.321,9.943,0.366,0.610,0.122
-0.004,-0.201,9.963,0.427,0.610,0.061
0.032,-0.218,9.934,0.244,0.549,0.244
0.065,-0.305,9.933,0.061,0.488,0.183
0.056,-0.338,9.944,0.183,0.549,0.244
0.037,-0.294,9.921,0.305,0.549,0.244
0.060,-0.349,9.943,0.366,0.610,0.061
0.048,-0.210,9.978,0.488,0.671,0.122
0.007,-0.113,9.942,0.244,0.610,0.244
-0.004,-0.317,9.929,-0.244,0.488,0.305
0.037,-0.506,9.911,0.000,0.488,0.183
0.078,-0.361,9.917,0.549,0.610,0.122
0.104,-0.111,9.965,0.671,0.610,0.061
0.066,-0.190,9.941,0.244,0.610,0.183
-0.004,-0.253,9.943,0.000,0.488,0.183
-0.022,-0.409,9.937,0.000,0.549,0.305
0.008,-0.302,9.923,0.244,0.549,0.183
0.073,-0.314,9.926,0.305,0.549,0.122
0.096,-0.219,9.937,0.305,0.610,0.122
0.086,-0.250,9.938,0.183,0.610,0.183
0.057,-0.321,9.950,0.122,0.549,0.244
-0.005,-0.269,9.933,0.244,0.549,0.122
-0.024,-0.265,9.933,0.244,0.549,0.244
0.004,-0.308,9.937,0.183,0.549,0.183
0.078,-0.324,9.938,0.244,0.610,0.244
0.107,-0.212,9.943,0.305,0.549,0.122
0.064,-0.265,9.943,0.122,0.610,0.183
0.028,-0.327,9.949,0.122,0.549,0.183
0.004,-0.313,9.939,0.305,0.549,0.183
0.003,-0.203,9.937,0.305,0.549,0.183
0.028,-0.272,9.950,0.122,0.549,0.244
0.059,-0.316,9.941,0.061,0.488,0.244
0.083,-0.329,9.910,0.122,0.549,0.244
0.090,-0.277,9.943,0.244,0.549,0.183
0.042,-0.278,9.940,0.244,0.610,0.183
-0.007,-0.281,9.944,0.183,0.549,0.183
0.004,-0.364,9.947,0.122,0.610,0.122
0.041,-0.277,9.960,0.366,0.549,0.122
0.068,-0.196,9.934,0.305,0.610,0.244
0.059,-0.270,9.928,0.061,0.549,0.183
0.069,-0.405,9.941,0.122,0.549,0.244
0.044,-0.260,9.938,0.366,0.549,0.183
0.025,-0.230,9.937,0.244,0.549,0.183
0.010,-0.390,9.938,0.122,0.549,0.122
0.031,-0.357,9.949,0.366,0.610,0.122
0.081,-0.209,9.949,0.549,0.610,0.122
0.084,-0.198,9.953,0.305,0.610,0.122
0.030,-0.316,9.947,0.183,0.549,0.183
-0.026,-0.303,9.947,0.244,0.549,0.244
0.003,-0.284,9.940,0.244,0.549,0.244
0.064,-0.277,9.950,0.183,0.549,0.183
0.062,-0.269,9.951,0.183,0.549,0.183
0.044,-0.263,9.940,0.122,0.549,0.244
0.063,-0.323,9.947,0.061,0.549,0.305
0.073,-0.288,9.931,0.183,0.549,0.244
0.019,-0.300,9.919,0.183,0.549,0.183
0.005,-0.299,9.946,0.183,0.549,0.183
0.042,-0.301,9.944,0.305,0.549,0.244
0.077,-0.229,9.929,0.305,0.549,0.183
0.084,-0.312,9.967,0.183,0.549,0.122
0.047,-0.268,9.941,0.244,0.549,0.183
0.020,-0.275,9.920,0.183,0.488,0.183
0.037,-0.320,9.950,0.122,0.549,0.183
0.034,-0.291,9.934,0.244,0.549,0.183
0.026,-0.314,9.926,0.305,0.610,0.183
0.060,-0.334,9.929,0.366,0.610,0.000
0.101,-0.269,9.946,0.488,0.610,0.122
0.060,-0.175,9.937,0.427,0.549,0.122
0.011,-0.310,9.946,0.122,0.610,0.183
-0.025,-0.293,9.944,0.244,0.549,0.183
-0.022,-0.252,9.940,0.244,0.549,0.183
0.041,-0.271,9.947,0.061,0.488,0.183
0.087,-0.339,9.954,0.122,0.549,0.244
0.099,-0.234,9.952,0.183,0.549,0.183
0.071,-0.256,9.914,0.061,0.549,0.244
0.045,-0.381,9.956,0.061,0.488,0.183
-0.002,-0.317,9.931,0.305,0.610,0.183
-0.019,-0.213,9.927,0.366,0.610,0.183
0.023,-0.362,9.928,0.183,0.610,0.183
0.102,-0.363,9.956,0.427,0.610,0.061
0.132,-0.189,9.940,0.671,0.671,0.122
0.041,-0.155,9.944,0.305,0.549,0.183
-0.039,-0.370,9.943,0.000,0.549,0.183
-0.056,-0.300,9.947,0.244,0.549,0.244
-0.012,-0.245,9.917,0.244,0.549,0.183
0.105,-0.415,9.938,0.122,0.549,0.122
0.184,-0.275,9.950,0.488,0.610,0.061
0.096,-0.131,9.946,0.488,0.610,0.183
-0.023,-0.202,9.944,0.000,0.549,0.244
-0.056,-0.491,9.943,-0.061,0.610,0.244
-0.062,-0.269,9.942,0.366,0.549,0.183
0.035,-0.287,9.908,0.305,0.610,0.244
0.208,-0.320,9.949,0.244,0.549,0.000
0.182,-0.230,9.957,0.427,0.610,0.183
0.010,-0.148,9.944,0.244,0.610,0.244
-0.070,-0.388,9.934,-0.061,0.610,0.244
-0.081,-0.386,9.948,0.305,0.610,0.244
-0.027,-0.152,9.923,0.427,0.610,0.183
0.123,-0.279,9.935,0.061,0.488,0.244
0.235,-0.370,9.934,0.122,0.549,0.122
0.087,-0.235,9.931,0.366,0.671,0.244
-0.056,-0.197,9.920,0.244,0.610,0.183
-0.054,-0.416,9.952,0.061,0.549,0.183
-0.048,-0.259,9.949,0.366,0.549,0.183
0.005,-0.177,9.936,0.244,0.488,0.244
0.165,-0.299,9.913,-0.061,0.488,0.183
0.214,-0.454,9.941,0.061,0.549,0.183
0.028,-0.205,9.945,0.427,0.610,0.122
-0.051,-0.251,9.914,0.244,0.610,0.183
-0.044,-0.397,9.959,0.244,0.549,0.061
-0.004,-0.293,9.945,0.488,0.610,0.122
0.078,-0.159,9.932,0.427,0.549,0.183
0.185,-0.326,9.923,0.183,0.549,0.183
0.111,-0.356,9.930,0.305,0.610,0.122
-0.028,-0.235,9.932,0.488,0.671,0.061
-0.042,-0.251,9.947,0.305,0.610,0.183
-0.032,-0.294,9.953,0.305,0.610,0.122
0.028,-0.251,9.944,0.305,0.549,0.122
0.129,-0.248,9.922,0.183,0.549,0.122
0.151,-0.340,9.936,0.122,0.488,0.183
0.018,-0.275,9.938,0.366,0.549,0.183
-0.046,-0.233,9.929,0.244,0.549,0.183
-0.027,-0.334,9.934,0.183,0.549,0.122
0.031,-0.299,9.953,0.366,0.549,0.183
0.111,-0.181,9.927,0.366,0.549,0.183
0.120,-0.272,9.931,0.122,0.549,0.183
0.039,-0.387,9.943,0.122,0.549,0.183
-0.007,-0.263,9.949,0.366,0.610,0.244
-0.013,-0.186,9.929,0.183,0.610,0.183
0.019,-0.361,9.954,0.000,0.549,0.183
0.075,-0.344,9.950,0.305,0.549,0.183
0.133,-0.209,9.916,0.427,0.610,0.183
0.078,-0.236,9.941,0.244,0.549,0.183
0.001,-0.329,9.948,0.122,0.610,0.183
-0.044,-0.280,9.943,0.244,0.610,0.183
-0.012,-0.259,9.934,0.244,0.549,0.183
0.050,-0.293,9.951,0.183,0.549,0.183
0.087,-0.277,9.938,0.244,0.549,0.183
0.104,-0.244,9.954,0.183,0.549,0.183
0.084,-0.314,9.917,0.122,0.610,0.244
0.003,-0.342,9.953,0.244,0.549,0.122
-0.030,-0.247,9.947,0.366,0.610,0.183
-0.014,-0.221,9.936,0.244,0.549,0.183
0.056,-0.342,9.946,0.061,0.549,0.183
0.114,-0.291,9.943,0.244,0.549,0.122
0.111,-0.245,9.928,0.244,0.610,0.183
0.042,-0.271,9.937,0.183,0.549,0.183
-0.008,-0.337,9.934,0.183,0.610,0.244
-0.028,-0.241,9.951,0.305,0.610,0.183
0.014,-0.266,9.941,0.183,0.549,0.244
0.090,-0.311,9.941,0.061,0.549,0.183
0.122,-0.278,9.951,0.183,0.549,0.183
0.056,-0.235,9.916,0.183,0.549,0.061
0.001,-0.333,9.944,0.000,0.549,0.000
0.013,-0.345,9.935,0.183,0.549,0.183
-0.001,-0.235,9.940,0.305,0.549,0.183
0.051,-0.275,9.942,0.183,0.549,0.183
0.131,-0.339,9.943,0.122,0.549,0.183
0.084,-0.290,9.944,0.305,0.549,0.183
-0.010,-0.242,9.937,0.305,0.610,0.183
-0.008,-0.316,9.941,0.122,0.610,0.122
0.021,-0.304,9.949,0.244,0.610,0.122
0.056,-0.252,9.941,0.305,0.549,0.122
0.120,-0.281,9.930,0.244,0.549,0.183
0.094,-0.311,9.939,0.244,0.549,0.183
0.012,-0.271,9.941,0.305,0.549,0.183
-0.015,-0.277,9.942,0.244,0.549,0.183
0.003,-0.324,9.928,0.244,0.549,0.183
0.053,-0.277,9.940,0.305,0.549,0.183
0.116,-0.254,9.938,0.183,0.549,0.122
0.080,-0.288,9.932,0.183,0.549,0.122
0.008,-0.314,9.933,0.244,0.610,0.183
0.008,-0.257,9.941,0.305,0.610,0.183
0.030,-0.299,9.937,0.183,0.549,0.244
0.032,-0.281,9.940,0.244,0.549,0.244
0.066,-0.295,9.947,0.244,0.549,0.122
0.082,-0.271,9.942,0.244,0.610,0.183
0.054,-0.306,9.930,0.244,0.549,0.244
0.017,-0.266,9.941,0.244,0.610,0.183
0.026,-0.279,9.941,0.244,0.610,0.183
0.048,-0.303,9.944,0.183,0.549,0.183
0.046,-0.278,9.946,0.305,0.549,0.122
0.069,-0.279,9.946,0.244,0.549,0.244
0.066,-0.269,9.947,0.244,0.610,0.183
0.051,-0.311,9.946,0.244,0.610,0.244
0.015,-0.293,9.944,0.305,0.549,0.183
0.014,-0.283,9.946,0.305,0.488,0.183
0.040,-0.271,9.944,0.244,0.549,0.183
0.058,-0.306,9.951,0.244,0.549,0.183
0.063,-0.281,9.941,0.305,0.549,0.183
0.056,-0.279,9.932,0.244,0.549,0.183
0.054,-0.275,9.947,0.183,0.549,0.183
0.016,-0.302,9.944,0.183,0.610,0.183
0.010,-0.299,9.946,0.244,0.549,0.183
0.032,-0.273,9.932,0.244,0.549,0.183
0.065,-0.280,9.944,0.183,0.549,0.183
0.078,-0.307,9.951,0.183,0.549,0.183
0.066,-0.283,9.943,0.244,0.610,0.244
0.034,-0.268,9.937,0.244,0.549,0.183
0.024,-0.288,9.942,0.183,0.610,0.183
0.028,-0.299,9.946,0.244,0.610,0.122
0.029,-0.276,9.950,0.244,0.610,0.183
0.050,-0.285,9.943,0.244,0.549,0.183
0.083,-0.290,9.950,0.244,0.610,0.183
0.075,-0.287,9.934,0.244,0.549,0.183
0.037,-0.273,9.937,0.244,0.610,0.183
0.008,-0.307,9.952,0.183,0.610,0.183
0.025,-0.286,9.949,0.244,0.549,0.183
0.044,-0.290,9.938,0.244,0.549,0.183
0.048,-0.290,9.944,0.183,0.549,0.183
0.068,-0.295,9.935,0.244,0.549,0.183
0.071,-0.284,9.940,0.244,0.610,0.183
0.045,-0.283,9.943,0.244,0.610,0.183
0.005,-0.297,9.935,0.183,0.610,0.244
0.005,-0.276,9.948,0.244,0.549,0.244
0.039,-0.281,9.944,0.244,0.610,0.183
0.063,-0.295,9.951,0.244,0.610,0.183
0.060,-0.288,9.944,0.244,0.549,0.183
0.051,-0.269,9.940,0.305,0.549,0.122
0.056,-0.301,9.935,0.244,0.610,0.183
0.028,-0.463,9.944,0.305,0.610,-4.390
-0.103,-0.439,9.948,0.305,0.732,-19.390
0.160,-0.535,9.937,0.244,0.793,-36.890
0.478,-0.104,9.951,0.427,0.976,-62.439
0.083,-0.064,9.932,0.915,1.220,-58.841
-0.289,-0.516,9.932,0.427,0.915,-50.549
-0.084,-0.381,9.956,-0.122,0.671,-43.659
0.065,-0.146,9.942,0.305,0.915,-60.732
-0.136,-0.165,9.936,1.829,1.829,-78.598
0.225,-0.054,10.045,3.232,1.646,-81.890
-0.384,-0.475,9.936,16.890,0.122,-74.207
-0.311,-0.481,9.804,13.476,-1.463,-78.537
0.306,0.041,9.905,-0.976,-0.366,-66.037
0.089,0.256,9.963,-6.402,0.549,-54.939
-0.115,-0.358,9.959,-5.488,0.244,-45.122
0.135,-0.192,9.876,-4.512,0.427,-48.598
-0.110,-0.150,10.040,-9.939,0.732,-31.463
-0.017,-0.208,9.938,5.427,0.549,-22.805
0.101,-0.171,9.865,0.061,0.610,-26.402
-0.016,-0.331,10.011,-7.195,0.671,-9.939
0.017,-0.446,9.928,0.976,0.488,11.707
-0.034,-0.474,9.931,0.305,0.366,38.476
0.047,-0.191,9.941,-1.646,-0.610,74.878
0.348,0.002,9.944,-1.037,-0.549,79.390
-0.073,-0.473,9.989,-0.732,0.122,65.427
0.041,-0.461,9.950,-13.049,0.000,87.378
0.348,-0.526,9.884,-13.902,-0.915,82.317
0.117,-0.281,9.881,1.646,-2.073,99.451
-0.672,-0.107,10.010,9.451,-0.915,61.098
0.073,-0.478,9.976,-2.927,0.488,14.695
0.190,-0.344,9.912,-5.244,0.000,31.037
0.040,-0.400,9.942,-0.366,-0.488,46.463
0.149,-0.585,9.923,-0.610,-0.366,43.354
-0.165,-0.588,9.912,2.988,-0.427,39.756
-0.123,-0.384,10.005,8.841,-0.671,50.915
-0.271,-0.355,9.923,-3.354,-0.183,48.293
-0.178,-0.309,9.867,4.512,0.061,22.256
0.541,-0.369,10.014,15.183,0.427,10.732
0.110,-0.272,9.965,2.744,0.976,35.549
-0.217,-0.187,9.938,-1.098,0.366,41.220
0.183,-0.163,9.957,0.183,0.305,40.122
0.102,-0.416,9.937,0.183,0.427,35.488
-0.154,-0.307,9.930,0.122,0.610,20.305
-0.051,-0.345,9.945,0.244,0.427,21.280
-0.057,-0.318,9.926,-0.061,2.988,60.244
-0.032,0.001,9.935,-0.122,1.829,39.024
0.104,-0.229,9.911,0.305,3.110,12.805
0.105,-0.443,9.946,0.305,-2.073,6.159
0.117,-0.437,9.981,0.366,-1.402,3.841
0.041,-0.388,9.913,0.183,2.500,7.500
0.013,-0.065,9.923,0.366,-0.854,-13.598
0.201,-0.383,9.968,0.427,-1.890,-71.768
-0.093,-0.604,9.931,0.427,1.098,-62.500
-0.210,-0.151,9.940,-1.341,0.122,-45.183
0.312,-0.478,9.935,-1.402,0.366,-75.183
-0.132,-0.323,9.976,-3.963,1.280,-63.171
0.347,-0.299,9.857,-0.183,1.585,-73.476
0.127,-0.154,9.986,8.354,1.402,-61.463
-0.168,-0.625,9.934,0.122,1.280,-66.159
-0.122,-0.409,9.957,1.768,1.646,-76.220
-0.145,-0.167,9.916,2.195,0.915,-85.793
-0.203,-0.464,10.023,-2.805,-1.646,-87.866
0.231,-0.072,9.797,-1.280,-4.207,-57.317
-0.083,-0.364,10.051,0.793,5.427,-37.988
-0.028,-0.366,9.928,0.183,-3.293,-54.695
0.085,-0.142,9.819,0.122,1.951,-52.927
-0.002,-0.175,10.039,1.951,7.744,-31.890
0.060,-0.186,9.938,0.732,0.305,-33.598
-0.020,-0.290,9.941,0.183,0.366,-35.488
0.072,-0.399,9.942,0.366,0.793,-36.951
0.135,-0.055,9.947,0.244,0.610,-20.488
0.005,-0.258,9.943,0.244,0.610,0.549
0.071,-0.442,9.945,0.244,0.549,10.244
0.099,-0.351,9.951,0.122,0.427,21.768
-0.003,-0.183,9.952,-0.244,0.122,30.732
-0.048,-0.177,9.934,0.366,0.549,25.976
0.050,-0.132,9.948,-0.122,0.366,18.841
0.096,-0.481,9.944,-0.671,-0.122,34.024
-0.048,-0.220,9.932,0.305,0.427,59.695
-0.004,-0.182,9.941,0.061,0.183,60.366
0.120,-0.350,9.988,-3.232,0.061,49.878
-0.261,-0.900,9.943,-11.463,-0.305,69.634
0.302,-0.136,9.902,-9.695,-1.463,115.854
-0.059,-0.300,10.016,-3.659,-1.220,86.768
-0.141,-0.712,9.889,-14.573,-0.915,61.951
0.053,-0.639,9.862,-4.024,-0.732,36.707
0.117,-0.383,9.997,6.341,-0.366,39.207
-0.203,-0.506,9.951,2.317,1.951,32.256
-0.174,-0.628,9.829,-14.817,-1.768,-20.244
0.064,-0.503,9.823,29.207,2.439,-69.329
0.306,-0.564,10.164,30.244,1.159,-54.390
0.017,-0.309,9.910,-5.488,0.366,3.841
0.004,-0.282,9.929,-0.854,0.610,3.476
0.032,-0.305,9.941,0.976,0.610,-0.854
0.043,-0.296,9.943,0.183,0.549,0.183
0.038,-0.296,9.938,0.183,0.610,0.305
0.024,-0.305,9.938,0.244,0.610,0.122
0.019,-0.303,9.933,0.244,0.549,0.122
0.022,-0.302,9.934,0.244,0.549,0.183
0.028,-0.295,9.934,0.244,0.610,0.183
0.039,-0.301,9.941,0.244,0.549,0.183
0.042,-0.302,9.941,0.244,0.549,0.183
0.029,-0.295,9.941,0.305,0.610,0.183
0.029,-0.297,9.947,0.244,0.610,0.183
0.026,-0.306,9.946,0.244,0.610,0.183
0.029,-0.293,9.934,0.244,0.610,0.183
0.035,-0.296,9.940,0.244,0.610,0.183
0.026,-0.289,9.951,0.183,0.610,0.183
0.036,-0.290,9.938,0.183,0.610,0.183
0.032,-0.308,9.949,0.244,0.549,0.183
0.029,-0.295,9.941,0.244,0.549,0.183
0.034,-0.288,9.934,0.244,0.610,0.244
0.033,-0.300,9.940,0.244,0.610,0.183
0.032,-0.297,9.946,0.244,0.610,0.183
0.024,-0.294,9.943,0.244,0.610,0.122
0.031,-0.297,9.938,0.183,0.610,0.183
0.033,-0.302,9.938,0.244,0.549,0.183
0.032,-0.306,9.944,0.244,0.549,0.183
0.028,-0.304,9.935,0.244,0.549,0.183
0.030,-0.290,9.931,0.244,0.549,0.183
0.024,-0.300,9.937,0.244,0.549,0.183
0.036,-0.300,9.947,0.244,0.610,0.183
0.029,-0.298,9.938,0.244,0.610,0.183
0.034,-0.291,9.950,0.244,0.549,0.183
0.042,-0.292,9.949,0.244,0.549,0.183
0.029,-0.303,9.940,0.244,0.549,0.183
0.027,-0.302,9.942,0.244,0.610,0.183
0.025,-0.289,9.932,0.244,0.610,0.183
0.026,-0.290,9.944,0.244,0.610,0.183
0.034,-0.298,9.944,0.244,0.610,0.183
0.037,-0.303,9.945,0.305,0.549,0.183
0.015,-0.357,9.945,0.244,0.610,-2.378
0.150,-0.229,9.940,0.244,0.610,-2.378
-0.077,-0.178,9.941,0.244,0.366,22.805
-0.017,-0.302,9.936,0.427,0.244,41.646
0.057,-0.322,9.950,0.183,0.427,27.622
0.191,-0.113,9.949,0.000,0.244,39.146
0.228,-0.275,9.949,0.183,0.366,37.805
-0.163,-0.399,9.935,1.341,1.037,25.732
-0.012,-0.314,9.936,0.732,0.671,23.841
0.014,-0.339,9.946,-0.122,0.305,27.744
0.083,-0.248,9.940,0.061,0.427,18.171
0.072,-0.183,9.949,0.244,0.366,26.707
-0.079,-0.351,9.941,0.061,0.427,25.488
-0.008,-0.271,9.943,0.244,0.610,4.451
0.026,-0.285,9.943,0.244,0.610,1.829
0.020,-0.214,9.948,0.244,0.549,2.378
0.059,-0.293,9.951,0.305,0.610,-3.902
0.059,-0.341,9.951,0.305,0.610,-4.634
0.118,-0.277,9.951,0.305,0.549,-1.159
0.084,-0.321,9.954,0.366,0.610,-11.159
0.020,-0.326,9.946,0.244,0.610,-11.890
0.063,-0.134,9.951,0.305,0.610,-7.927
0.057,-0.205,9.948,0.366,0.671,-12.622
0.019,-0.360,9.957,0.366,0.732,-17.866
0.069,-0.218,9.947,0.305,0.732,-17.988
0.144,-0.189,9.950,0.427,0.793,-33.171
-0.054,-0.405,9.937,0.549,0.793,-48.659
-0.042,-0.346,9.954,0.427,0.854,-47.073
0.007,-0.220,9.945,0.488,0.854,-38.293
-0.037,-0.315,9.931,0.610,0.976,-58.659
0.177,-0.213,9.942,0.427,0.915,-63.537
0.119,-0.123,9.935,0.366,0.671,-35.854
-0.049,-0.416,9.937,0.305,0.732,-41.220
-0.080,-0.468,9.950,0.244,0.854,-44.451
-0.056,-0.388,9.945,0.549,0.732,-45.610
-0.051,-0.132,9.962,1.585,0.671,-19.329
0.056,-0.219,9.947,3.963,0.549,0.488
-0.286,-0.712,9.860,2.500,0.549,-14.817
0.228,-0.159,9.979,-6.280,0.671,-35.305
0.087,0.068,9.955,-0.976,0.610,-9.451
0.041,-0.459,9.937,0.976,0.610,-1.707
0.054,-0.528,9.946,0.061,0.610,-15.854
-0.147,0.025,9.944,0.305,0.671,-22.073
-0.051,-0.095,9.941,0.366,0.671,-11.524
-0.142,-0.284,9.949,0.366,0.671,-19.756
-0.129,-0.456,9.944,0.244,0.793,-30.366
0.296,-0.287,9.940,0.244,0.732,-24.024
-0.086,-0.178,9.931,0.427,0.671,-13.476
0.056,-0.241,9.937,0.244,0.610,-10.915
0.062,-0.263,9.953,0.305,0.671,-22.317
-0.011,-0.263,9.942,0.427,0.671,-28.963
0.006,-0.503,9.975,1.463,0.671,-15.610
0.077,-0.438,9.861,4.146,0.488,4.146
0.082,-0.433,9.970,-4.573,0.549,16.098
0.174,-0.334,9.966,-0.793,0.549,37.134
0.151,-0.344,9.942,0.549,0.366,45.427
0.078,-0.324,9.946,-0.061,0.305,53.049
0.063,-0.263,9.938,-0.061,0.305,60.000
0.093,-0.150,9.938,-0.671,-0.366,60.793
-0.011,-0.161,9.954,-0.488,-0.061,48.049
-0.056,-0.265,9.954,-0.061,0.366,41.341
-0.048,-0.389,9.950,0.366,0.366,32.134
-0.064,-0.272,9.949,0.183,0.488,28.902
0.074,-0.142,9.939,0.183,0.488,22.439
-0.012,-0.241,9.941,0.244,0.427,26.951
-0.016,-0.302,9.955,-0.122,0.244,28.537
0.026,-0.182,9.946,0.183,0.366,29.207
-0.086,-0.285,9.940,0.122,0.366,27.317
0.010,-0.399,9.946,0.366,0.427,39.390
0.077,-0.244,9.946,0.244,0.427,29.878
0.059,-0.220,9.933,0.122,0.366,17.378
-0.007,-0.234,9.947,0.244,0.427,30.549
-0.026,-0.312,9.963,-1.220,0.427,25.427
0.048,-0.394,9.941,-2.744,0.427,12.134
0.068,-0.300,9.915,-0.976,0.427,15.305
0.013,-0.283,9.957,4.878,0.244,26.098
-0.025,-0.329,9.946,0.610,0.427,17.378
0.064,-0.309,9.929,-1.280,0.488,13.110
0.103,-0.291,9.944,0.854,0.427,16.159
0.056,-0.362,9.949,0.793,0.549,10.122
0.049,-0.296,9.951,0.732,0.610,4.207
-0.023,-0.243,9.936,0.122,0.549,-0.671
0.074,-0.205,10.007,-3.049,0.732,-24.878
0.220,-0.484,9.837,-7.744,1.341,-57.256
-0.072,-0.353,9.970,9.695,1.098,-56.159
-0.067,-0.347,9.965,3.293,0.732,-42.012
0.069,-0.218,9.928,-0.732,0.854,-28.841
0.123,-0.293,9.943,1.159,1.098,-18.902
0.010,-0.406,9.946,0.000,0.488,-21.646
-0.005,-0.262,9.949,0.183,0.671,-16.585
0.199,-0.266,9.945,0.366,0.671,-15.000
-0.058,-0.358,10.004,0.244,-0.427,-28.354
0.077,-0.148,9.905,1.341,-3.537,-29.146
0.031,-0.066,9.920,7.561,3.110,-9.390
-0.142,-0.461,9.970,1.524,1.402,-15.976
0.090,-0.427,9.897,-2.683,-2.622,-29.573
0.142,0.057,9.986,5.061,5.000,-36.220
0.008,-0.171,9.932,6.829,2.195,-22.500
-0.015,-0.382,9.962,-0.183,-1.402,-16.463
0.166,-0.105,9.920,-0.122,-1.220,-21.159
0.038,-0.025,9.936,6.890,2.927,-30.244
-0.108,-0.128,9.931,2.561,1.768,-23.049
0.048,-0.123,9.944,-2.683,0.183,-18.720
-0.142,-0.360,9.944,2.012,0.122,-33.293
0.096,-0.110,9.916,1.037,0.122,-42.378
0.100,0.054,9.930,0.183,0.671,-13.598
-0.127,-0.090,10.003,-0.427,0.549,-14.878
-0.001,-0.539,9.823,4.146,0.000,-36.707
0.107,-0.038,9.970,-10.000,0.427,-24.146
0.113,-0.107,9.994,-5.488,0.732,0.671
0.004,-0.280,9.873,0.793,0.610,2.195
0.020,-0.542,9.959,-7.866,0.610,7.317
0.111,-0.405,9.976,-3.902,0.305,36.341
0.020,-0.059,9.932,1.280,0.305,50.366
0.003,-0.312,9.938,0.000,0.305,27.988
0.000,-0.280,9.944,0.061,0.366,31.524
0.071,-0.111,9.956,0.244,0.488,33.780
0.007,-0.428,9.931,0.244,0.549,35.488
0.007,-0.366,9.938,0.183,0.366,27.134
0.002,-0.172,9.943,0.122,0.427,34.695
-0.062,-0.247,9.950,-0.610,0.000,37.988
0.100,-0.321,9.957,-1.341,-0.549,41.098
0.026,-0.332,9.926,-4.390,0.366,41.646
0.065,-0.310,9.908,0.915,0.183,37.256
0.016,-0.323,9.974,4.573,0.305,36.585
0.023,-0.243,9.946,0.244,0.488,26.524
-0.026,-0.160,9.943,0.000,0.427,29.817
-0.078,-0.342,9.937,0.183,0.427,11.341
0.010,-0.263,9.947,0.366,0.488,11.524
0.045,-0.231,9.955,-0.061,0.305,24.390
0.028,-0.360,9.954,-0.366,0.366,14.146
0.098,-0.335,9.914,-0.732,0.549,3.171
0.002,-0.232,9.953,2.256,0.549,5.793
-0.011,-0.368,9.969,0.000,0.488,6.585
-0.080,-0.350,9.959,-5.671,0.732,-10.122
0.179,-0.346,9.871,-3.354,0.915,-26.768
0.019,-0.193,9.986,8.598,0.915,-41.768
-0.127,-0.234,9.948,2.378,0.793,-45.366
0.199,-0.351,9.944,-0.549,1.037,-51.707
0.079,-0.198,9.937,2.195,1.707,-22.988
-0.008,-0.184,9.951,0.793,0.854,-23.293
-0.002,-0.422,9.943,0.183,0.671,-31.707
0.157,-0.225,9.940,0.488,0.732,-25.427
-0.108,-0.559,9.928,0.366,0.732,-53.659
0.034,-0.228,9.934,0.366,0.793,-40.488
-0.010,-0.233,9.953,0.244,0.671,-17.256
0.022,-0.305,9.941,0.244,0.671,-24.695
0.071,-0.296,9.943,0.305,0.732,-26.524
-0.008,-0.306,9.943,0.305,0.549,-5.854
0.025,-0.321,9.946,0.244,0.549,-2.988
0.030,-0.337,9.945,0.305,0.671,-8.415
0.031,-0.344,9.935,0.366,0.671,-12.744
0.025,-0.280,9.940,0.366,0.610,-8.415
